﻿,19_1,19_1_gen,19_2,19_2_gen,19_3,19_3_gen,19_4,19_4_gen,19_5,19_5_gen,19_6,19_6_gen,19_7,19_7_gen,19_8,19_8_gen,19_9,19_9_gen,19_10,19_10_gen,19_11,19_11_gen,19_12,19_12_gen,20_1,20_1_gen,20_2,20_2_gen,20_3,20_3_gen,20_4,20_4_gen,20_5,20_5_gen,20_6,20_6_gen
0,SODA 소다 - Natural Beauty Camera,사진,손오공디펜스,전략,크레이지아케이드 BnB M,아케이드,프렌즈타운,퍼즐,Snapchat,소셜,BTS WORLD,캐주얼 게임,골든나이츠 유니버스,롤플레잉,손오공디펜스,전략,Mario Kart Tour,액션,SNOW 스노우,사진,리니지2M,롤플레잉,Funny Fight,,리니지2M,롤플레잉,AFK 아레나,롤플레잉,AFK 아레나,롤플레잉,리니지M,롤플레잉,카트라이더 러쉬플러스,자동차 경주,카트라이더 러쉬플러스,자동차 경주
1,블레이드&소울 레볼루션,롤플레잉,블레이드&소울 레볼루션,롤플레잉,블레이드&소울 레볼루션,롤플레잉,브롤스타즈,액션,블레이드&소울 레볼루션,롤플레잉,FIFA ONLINE 4 M by EA SPORTS™,스포츠,리니지2 레볼루션,롤플레잉,FIFA ONLINE 4 M by EA SPORTS™,스포츠,라이즈 오브 킹덤즈,전략,라이즈 오브 킹덤즈,전략,리니지2M,롤플레잉,리니지2M,롤플레잉,리니지M,롤플레잉,카카오톡 KakaoTalk,커뮤니케이션,블레이드&소울 레볼루션,롤플레잉,리니지2M,롤플레잉,AFK 아레나,롤플레잉,YouTube,동영상 플레이어/편집기
2,Analog Wedding,oto & Video,Analog Paris,oto & Video,Analog Wedding,oto & Video,A Dance Of Fire and Ice,음악,Analog Paris,oto & Video,Stardew Valley,롤플레잉,에버테일,롤플레잉,Analog Paris,oto & Video,포켓 빌드,시뮬레이션,Stardew Valley,롤플레잉,Minecraft,아케이드,Analog Wedding,oto & Video,카카오톡 KakaoTalk,커뮤니케이션,리니지2M,롤플레잉,라이즈 오브 킹덤즈,전략,라이즈 오브 킹덤즈,전략,YouTube,동영상 플레이어/편집기,카카오톡 KakaoTalk,커뮤니케이션
3,SuperStar PLEDIS,음악,천사성역,롤플레잉,SODA 소다 - Natural Beauty Camera,사진,Rummikub,보드,삼국지킹덤디펜스,전략,무쌍삼국지[수집형 턴 RPG],롤플레잉,Color Fill 3D,퍼즐,Pokémon Masters,롤플레잉,열정품은타이머 - 혼자 공부하지말고 열품타에서함께 공부하세요!,교육,(New) 우리은행 우리WON뱅킹,금융,"Brain Out – 넌센스 마스터, 두뇌 트레이닝",교육,"Brain Out – 넌센스 마스터, 두뇌 트레이닝",교육,YouTube,동영상 플레이어/편집기,리니지M,롤플레잉,리니지2M,롤플레잉,카카오톡 KakaoTalk,커뮤니케이션,네이버 웹툰 - Naver Webtoon,만화,네이버 웹툰 - Naver Webtoon,만화
4,FIFA ONLINE 4 M by EA SPORTS™,스포츠,카카오톡 KakaoTalk,커뮤니케이션,브롤스타즈,액션,검은사막 모바일,롤플레잉,리니지M(12),롤플레잉,BTS WORLD,캐주얼 게임,카카오페이지 KakaoPage,도서/참고자료,브롤스타즈,액션,카카오페이지 KakaoPage,도서/참고자료,랑그릿사,전략,블레이드&소울 레볼루션,롤플레잉,카카오톡 KakaoTalk,커뮤니케이션,네이버 웹툰 - Naver Webtoon,만화,블레이드&소울 레볼루션,롤플레잉,A3: 스틸얼라이브,롤플레잉,YouTube,동영상 플레이어/편집기,카카오톡 KakaoTalk,커뮤니케이션,리니지M,롤플레잉
5,@picn2k camera (피크닉 카메라),사진,Analog Tokyo,oto & Video,FILCA - SLR 필름 카메라,oto & Video,SOVS - 촬영부탁 필수앱,사진,Football Manager 2019 Mobile,스포츠,Football Manager 2019 Mobile,스포츠,Minecraft,아케이드,Minecraft,아케이드,ilSang Pro,oto & Video,Analog Tokyo,oto & Video,@picn2k camera (피크닉 카메라),사진,A Dance Of Fire and Ice,음악,카카오페이지 KakaoPage,도서/참고자료,YouTube,동영상 플레이어/편집기,리니지M,롤플레잉,네이버 웹툰 - Naver Webtoon,만화,리니지M,롤플레잉,리니지2M,롤플레잉
6,천사성역,롤플레잉,에브리타임 - 시간표 & 대학교 커뮤니티,소셜,배달요기요,식음료,Traffic Run!,액션,궁수의 전설,액션,해리 포터 : 마법사 연합,어드벤처,"SBS - 온에어, VOD 7만편 무료",동영상 플레이어/편집기,한게임 섯다,카드,(New) 우리은행 우리WON뱅킹,금융,"Ulike유라이크 - 스타일, 고급 필터, 뷰티 카메라",사진,더 킹 오브 파이터즈 98 UM온라인,롤플레잉,(New) 우리은행 우리WON뱅킹,금융,FIFA ONLINE 4 M by EA SPORTS™,스포츠,모두의마블,보드,카카오톡 KakaoTalk,커뮤니케이션,AFK 아레나,롤플레잉,카카오페이지 KakaoPage,도서/참고자료,FIFA ONLINE 4 M by EA SPORTS™,스포츠
7,모두의마블,보드,삼국지M,전략,모두의마블,보드,네이버 웹툰 - Naver Webtoon,만화,카카오페이지 KakaoPage,도서/참고자료,일곱 개의 대죄: GRAND CROSS,롤플레잉,리니지M(12),롤플레잉,카카오톡 KakaoTalk,커뮤니케이션,네이버 웹툰 - Naver Webtoon,만화,카카오페이지 KakaoPage,도서/참고자료,카카오톡 KakaoTalk,커뮤니케이션,카카오페이지 KakaoPage,도서/참고자료,쿠키런: 오븐브레이크,아케이드,랜덤 다이스(Random Dice) : PvP 디펜스,전략,YouTube,동영상 플레이어/편집기,V4,롤플레잉,리니지2M,롤플레잉,카카오페이지 KakaoPage,도서/참고자료
8,Rebel Inc. (반란 주식회사),시뮬레이션,FILCA - SLR 필름 카메라,oto & Video,세븐데이즈 - 라이트 노벨 어드벤처 .스토리 선택 게임,어드벤처,Forest: 집중하기,생산성,Analog Tokyo,oto & Video,SOVS - 촬영부탁 필수앱,사진,SOVS - 촬영부탁 필수앱,사진,Analog Tokyo,oto & Video,Analog Wedding,oto & Video,A Dance Of Fire and Ice,음악,NBA 2K20,스포츠,@picn2k camera (피크닉 카메라),사진,메이플스토리M,롤플레잉,라이즈 오브 킹덤즈,전략,FIFA ONLINE 4 M by EA SPORTS™,스포츠,A3: 스틸얼라이브,롤플레잉,배틀그라운드,액션,AFK 아레나,롤플레잉
9,Netflix(넷플릭스),엔터테인먼트,진정한 미러 Truth Mirror!,oductivity,한국투자증권 (스마트폰 계좌개설),금융,배달의민족,식음료,Candy Splash - Blast Sugar,mily,aquapark.io,액션,Netflix(넷플릭스),엔터테인먼트,피망 섯다,카드,피망 뉴맞고 : 고스톱으로 대한민국 1등,카드,토스,금융,유니콘 HTTPS 우회앱 -  안전하고 빠른 HTTPS/SNI 차단 우회앱,도구,"Ulike유라이크 - 스타일, 고급 필터, 뷰티 카메라",사진,라이즈 오브 킹덤즈,전략,네이버 웹툰 - Naver Webtoon,만화,네이버 웹툰 - Naver Webtoon,만화,카카오페이지 KakaoPage,도서/참고자료,블레이드&소울 레볼루션,롤플레잉,뮤 아크엔젤,롤플레잉
10,카카오톡 KakaoTalk,커뮤니케이션,리니지2 레볼루션,롤플레잉,검은사막 모바일,롤플레잉,리니지2 레볼루션,롤플레잉,궁수의 전설,액션,킹 오브 파이터 올스타,액션,네이버 웹툰 - Naver Webtoon,만화,라플라스M,롤플레잉,리니지2 레볼루션,롤플레잉,YouTube,동영상 플레이어/편집기,리니지M,롤플레잉,네이버 웹툰 - Naver Webtoon,만화,V4,롤플레잉,카카오페이지 KakaoPage,도서/참고자료,카카오페이지 KakaoPage,도서/참고자료,라플라스M,롤플레잉,메이플스토리M,롤플레잉,스톤에이지 월드,롤플레잉
11,SOVS - 촬영부탁 필수앱,사진,Minecraft,아케이드,@picn2k camera (피크닉 카메라),사진,Analog Tokyo,oto & Video,Stardew Valley,롤플레잉,Analog Tokyo,oto & Video,포켓 빌드,시뮬레이션,Analog Brooklyn,oto & Video,A Dance Of Fire and Ice,음악,후엠아이: 도로시 이야기,시뮬레이션,MOODA,,Football Manager 2020 Mobile,스포츠,랜덤 다이스(Random Dice) : PvP 디펜스,전략,쿠키런: 오븐브레이크,아케이드,V4,롤플레잉,랜덤 다이스(Random Dice) : PvP 디펜스,전략,라이즈 오브 킹덤즈,전략,그랑삼국,롤플레잉
12,美食相机-最专业的美食摄影相机,od & Drink,"Ulike유라이크 - 스타일, 고급 필터, 뷰티 카메라",사진,히어로칸타레 with NAVER WEBTOON,롤플레잉,Netflix(넷플릭스),엔터테인먼트,국세청 홈택스,도구,배달요기요,식음료,"Ulike유라이크 - 스타일, 고급 필터, 뷰티 카메라",사진,한게임 신맞고 : 대한민국 원조 고스톱,카드,SODA 소다 - Natural Beauty Camera,사진,Lazy Farm,,Pocket World 3D,캐주얼 게임,롯데홈쇼핑 – 롯데 ON,쇼핑,SERIES - 네이버 시리즈,도서/참고자료,FIFA ONLINE 4 M by EA SPORTS™,스포츠,랜덤 다이스(Random Dice) : PvP 디펜스,전략,쿠키런: 오븐브레이크,아케이드,SERIES - 네이버 시리즈,도서/참고자료,FIFA Mobile,스포츠
13,삼국지M,전략,쿠키런: 오븐브레이크,아케이드,네이버 웹툰 - Naver Webtoon,만화,삼국지M,전략,YouTube,동영상 플레이어/편집기,카카오톡 KakaoTalk,커뮤니케이션,YouTube,동영상 플레이어/편집기,네이버 웹툰 - Naver Webtoon,만화,SERIES - 네이버 시리즈,도서/참고자료,네이버 웹툰 - Naver Webtoon,만화,카카오페이지 KakaoPage,도서/참고자료,FIFA ONLINE 4 M by EA SPORTS™,스포츠,블레이드&소울 레볼루션,롤플레잉,삼국지M,전략,리니지2 레볼루션,롤플레잉,명일방주,전략,랜덤 다이스(Random Dice) : PvP 디펜스,전략,리니지2 레볼루션,롤플레잉
14,Analog Seoul,oto & Video,Analog Seoul,oto & Video,에버테일,롤플레잉,@picn2k camera (피크닉 카메라),사진,Minecraft,아케이드,Analog Brooklyn,oto & Video,구닥,사진,MOODA,,Analog Tokyo,oto & Video,유니콘:광고차단 필수 앱,생산성,Puffin Browser Pro,커뮤니케이션,Alto s Adventure,액션,wavve(웨이브) - 재미의 파도를 타다!,엔터테인먼트,V4,롤플레잉,메이플스토리M,롤플레잉,블레이드&소울 레볼루션,롤플레잉,A3: 스틸얼라이브,롤플레잉,라이즈 오브 킹덤즈,전략
15,당근마켓 - 우리 동네 중고 직거래 벼룩장터,쇼핑,Puffin Web Browser,커뮤니케이션,명장무쌍-진 조운 무쌍,롤플레잉,Blast Punk!,캐주얼 게임,프린세스 커넥트! Re:Dive,롤플레잉,Rummikub,보드,Google,도구,올리브영,쇼핑,배달요기요,식음료,콜 오브 듀티: 모바일,액션,"Ulike유라이크 - 스타일, 고급 필터, 뷰티 카메라",사진,트립스토어 - 해외 패키지 & 에어텔 특가 비교,여행 및 지역정보,기적의 검,롤플레잉,메이플스토리M,롤플레잉,기적의 검,롤플레잉,브롤스타즈,액션,쿠키런: 오븐브레이크,아케이드,SERIES - 네이버 시리즈,도서/참고자료
16,네이버 웹툰 - Naver Webtoon,만화,검은사막 모바일,롤플레잉,린: 더 라이트브링어,롤플레잉,황제라 칭하라,롤플레잉,FIFA ONLINE 4 M by EA SPORTS™,스포츠,궁수의 전설,액션,일곱 개의 대죄: GRAND CROSS,롤플레잉,YouTube,동영상 플레이어/편집기,FIFA ONLINE 4 M by EA SPORTS™,스포츠,SERIES - 네이버 시리즈,도서/참고자료,리니지2 레볼루션,롤플레잉,블레이드&소울 레볼루션,롤플레잉,eFootball PES 2020,스포츠,wavve(웨이브) - 재미의 파도를 타다!,엔터테인먼트,SERIES - 네이버 시리즈,도서/참고자료,메이플스토리M,롤플레잉,리니지2 레볼루션,롤플레잉,랜덤 다이스(Random Dice) : PvP 디펜스,전략
17,Hidden Folks,venture,Football Manager 2019 Mobile,스포츠,Forest: 집중하기,생산성,Facetune - 무광고 버전,사진,Analog Jeju,oto & Video,Plague Inc. (전염병 주식회사),시뮬레이션,Hyper Light Drifter,,포켓 빌드,시뮬레이션,SOVS - 촬영부탁 필수앱,사진,Analog Brooklyn,oto & Video,유니콘:광고차단 필수 앱,생산성,Plague Inc. (전염병 주식회사),시뮬레이션,엑소스 히어로즈,롤플레잉,기적의 검,롤플레잉,황제라 칭하라,롤플레잉,리니지2 레볼루션,롤플레잉,왕이되는자,롤플레잉,wavve(웨이브) - 재미의 파도를 타다!,엔터테인먼트
18,SoundCloud - 음악과 오디오,음악/오디오,쿠팡 (Coupang),쇼핑,브롤스타즈,액션,당근마켓 - 우리 동네 중고 직거래 벼룩장터,쇼핑,바이오인증 공동앱,금융,궁수의 전설,액션,배달의민족,식음료,Merge Airships,,피망 섯다,카드,햄스터 타운 - 당신이 원하는 힐링 두뇌 퍼즐 게임 - 햄스터 타운! 심쿵사 주의,퍼즐,SODA 소다 - Natural Beauty Camera,사진,에이블리 - 셀럽마켓 모음앱,쇼핑,프린세스 커넥트! Re:Dive,롤플레잉,브롤스타즈,액션,클래시 오브 클랜,전략,왕이되는자,롤플레잉,FIFA ONLINE 4 M by EA SPORTS™,스포츠,배틀그라운드,액션
19,YouTube,동영상 플레이어/편집기,wavve(웨이브) - 재미의 파도를 타다!,엔터테인먼트,YouTube,동영상 플레이어/편집기,모두의마블,보드,프린세스 커넥트! Re:Dive,롤플레잉,YouTube,동영상 플레이어/편집기,SERIES - 네이버 시리즈,도서/참고자료,검은사막 모바일,롤플레잉,황제라 칭하라,롤플레잉,FIFA ONLINE 4 M by EA SPORTS™,스포츠,검은사막 모바일,롤플레잉,기적의 검,롤플레잉,리니지2 레볼루션,롤플레잉,리니지2 레볼루션,롤플레잉,wavve(웨이브) - 재미의 파도를 타다!,엔터테인먼트,SERIES - 네이버 시리즈,도서/참고자료,V4,롤플레잉,A3: 스틸얼라이브,롤플레잉
20,Feica - 나의 첫번째 필름 카메라,oto & Video,Analog Jeju,oto & Video,Analog Budapest,oto & Video,NewBorder - 뉴보더 여백의 미,oto & Video,A Dance Of Fire and Ice,음악,오투잼 - 뮤직 & 게임,,Stardew Valley,롤플레잉,Stardew Valley,롤플레잉,Plague Inc. (전염병 주식회사),시뮬레이션,Dead Cells,,Geometry Dash,아케이드,포켓 빌드,시뮬레이션,왓챠플레이,엔터테인먼트,SERIES - 네이버 시리즈,도서/참고자료,쿠키런: 오븐브레이크,아케이드,wavve(웨이브) - 재미의 파도를 타다!,엔터테인먼트,뮤 아크엔젤,롤플레잉,V4,롤플레잉
21,배달의민족,식음료,NAVER VIBE (바이브),음악/오디오,토스,금융,디펜스어벤저,전략,카카오뱅크 - 같지만 다른 은행,금융,Fun Race 3D,엔터테인먼트,트리플 - 해외여행 가이드,여행 및 지역정보,"Ulike유라이크 - 스타일, 고급 필터, 뷰티 카메라",사진,TikTok 틱톡,동영상 플레이어/편집기,Instagram,소셜,당근마켓 - 우리 동네 중고 직거래 벼룩장터,쇼핑,YouTube,동영상 플레이어/편집기,멜론,음악/오디오,검은사막 모바일,롤플레잉,배틀그라운드,액션,삼국지M,전략,wavve(웨이브) - 재미의 파도를 타다!,엔터테인먼트,메이플스토리M,롤플레잉
22,SERIES - 네이버 시리즈,도서/참고자료,원피스 트레저 크루즈,롤플레잉,SERIES - 네이버 시리즈,도서/참고자료,FIFA ONLINE 4 M by EA SPORTS™,스포츠,MARVEL 퓨처파이트,롤플레잉,배틀그라운드,액션,쿠키런: 오븐브레이크,아케이드,일곱 개의 대죄: GRAND CROSS,롤플레잉,일곱 개의 대죄: GRAND CROSS,롤플레잉,왕이되는자,롤플레잉,SERIES - 네이버 시리즈,도서/참고자료,wavve(웨이브) - 재미의 파도를 타다!,엔터테인먼트,검은사막 모바일,롤플레잉,라플라스M,롤플레잉,일곱 개의 대죄: GRAND CROSS,롤플레잉,황제라 칭하라,롤플레잉,브롤스타즈,액션,왓챠플레이,엔터테인먼트
23,Plague Inc. (전염병 주식회사),시뮬레이션,Analog Budapest,oto & Video,Analog Seoul,oto & Video,미니 메트로,시뮬레이션,NewBorder - 뉴보더 여백의 미,oto & Video,Facetune - 무광고 버전,사진,유니콘:광고차단 필수 앱,생산성,Analog Jeju,oto & Video,Dead Cells,,Very Little Nightmares,venture,Analog Brooklyn,oto & Video,GoodNotes 5,oductivity,킹 오브 파이터 올스타,액션,스푼 라디오 - Be A LIVE,음악/오디오,스푼 라디오 - Be A LIVE,음악/오디오,왓챠플레이,엔터테인먼트,일곱 개의 대죄: GRAND CROSS,롤플레잉,왕이되는자,롤플레잉
24,Instagram,소셜,당근마켓 - 우리 동네 중고 직거래 벼룩장터,쇼핑,프린세스 커넥트! Re:Dive,롤플레잉,"극한직업:RICH-재벌 키우기 전략 SRPG, 독창적인 시뮬레이션 게임",시뮬레이션,i-ONE Bank - IBK기업은행,금융,배달의민족,식음료,한국장학재단,교육,SODA 소다 - Natural Beauty Camera,사진,Netflix(넷플릭스),엔터테인먼트,KB국민은행 스타뱅킹,금융,Netflix(넷플릭스),엔터테인먼트,한국장학재단,교육,황제라 칭하라,롤플레잉,왓챠플레이,엔터테인먼트,왕이되는자,롤플레잉,스푼 라디오 - Be A LIVE,음악/오디오,왓챠플레이,엔터테인먼트,블레이드&소울 레볼루션,롤플레잉
25,Netflix(넷플릭스),엔터테인먼트,메이플스토리M,롤플레잉,메이플스토리M,롤플레잉,세븐나이츠,롤플레잉,모두의마블,보드,브롤스타즈,액션,삼국지M,전략,랑그릿사,전략,왕이되는자,롤플레잉,원피스 트레저 크루즈,롤플레잉,wavve(웨이브) - 재미의 파도를 타다!,엔터테인먼트,라플라스M,롤플레잉,스푼 라디오 - Be A LIVE,음악/오디오,황제라 칭하라,롤플레잉,멜론,음악/오디오,검은사막 모바일,롤플레잉,모두의마블,보드,Age of Z,전략
26,Forest: 집중하기,생산성,유니콘:광고차단 필수 앱,생산성,샐리의 법칙,어드벤처,Analog Jeju,oto & Video,Analog Seoul,oto & Video,유니콘:광고차단 필수 앱,생산성,Analog Budapest,oto & Video,Plague Inc. (전염병 주식회사),시뮬레이션,구닥,사진,Analog Jeju,oto & Video,Bloons TD 6,전략,SOVS - 촬영부탁 필수앱,사진,클래시 오브 클랜,전략,명일방주,전략,전략적 팀 전투: 리그 오브 레전드 전략 게임,전략,배틀그라운드,액션,황제라 칭하라,롤플레잉,일곱 개의 대죄: GRAND CROSS,롤플레잉
27,배달요기요,식음료,Instagram,소셜,Instagram,소셜,킹스로드,"롤플레잉
  (일 경과)","Ulike유라이크 - 스타일, 고급 필터, 뷰티 카메라",사진,삼국지킹덤디펜스,전략,aquapark.io,액션,SRT - 수서고속철도(NEW),여행 및 지역정보,Marbleous 3D,,배달의민족,식음료,카카오톡 KakaoTalk,커뮤니케이션,Instagram,소셜,배틀그라운드,액션,배틀그라운드,액션,하쿠나 라이브 -  Live 방송,엔터테인먼트,랑그릿사,전략,스푼 라디오 - Be A LIVE,음악/오디오,스푼 라디오 - Be A LIVE,음악/오디오
28,멜론,음악/오디오,오크: 종족의 계승자,롤플레잉,황제라 칭하라,롤플레잉,트라하,롤플레잉,왕이되는자,롤플레잉,쿠키런: 오븐브레이크,아케이드,브롤스타즈,액션,DRAGON BALL Z 폭렬격전,액션,블레이드&소울 레볼루션,롤플레잉,브롤스타즈,액션,Idle Heroes - 아이들 히어로즈,롤플레잉,리니지2 레볼루션,롤플레잉,삼국지M,전략,클래시 오브 클랜,전략,꿈의 정원 (Gardenscapes),캐주얼 게임,G-TV,,꿈의 정원 (Gardenscapes),캐주얼 게임,케페우스M,롤플레잉
29,캐슬레전드3: 영원의 성,le Playing,"Peace, Death!",아케이드,유니콘:광고차단 필수 앱,생산성,유니콘:광고차단 필수 앱,생산성,유니콘:광고차단 필수 앱,생산성,Kingdom Rush Frontiers,전략,RFS - Real Flight Simulator,시뮬레이션,구닥,사진,위대한 정복자: 로마,전략,Analog Seoul,oto & Video,Facetune - 무광고 버전,사진,Geometry Dash,아케이드,명일방주,전략,왕이되는자,롤플레잉,검은사막 모바일,롤플레잉,멜론,음악/오디오,기적의 검,롤플레잉,기적의 검,롤플레잉
30,토스,금융,TikTok 틱톡,동영상 플레이어/편집기,뱅크샐러드,금융,한국투자증권 (스마트폰 계좌개설),금융,뱅크샐러드,금융,토스,금융,토스,금융,Netflix(넷플릭스),엔터테인먼트,라이즈 오브 킹덤즈,전략,쿠팡 (Coupang),쇼핑,배달의민족,식음료,해피해피브레드 for Kakao 귀여운 고양이 베이커리,캐주얼 게임,왕이되는자,롤플레잉,R5,롤플레잉,왓챠플레이,엔터테인먼트,Age of Z,전략,멜론,음악/오디오,황제라 칭하라,롤플레잉
31,오크: 종족의 계승자,롤플레잉,왓챠플레이,엔터테인먼트,Netflix(넷플릭스),엔터테인먼트,블레이드&소울 레볼루션,롤플레잉,브롤스타즈,액션,모두의마블,보드,BTS WORLD,캐주얼 게임,한게임 섯다,카드,wavve(웨이브) - 재미의 파도를 타다!,엔터테인먼트,왓챠플레이,엔터테인먼트,MARVEL 퓨처파이트,롤플레잉,궁수의 전설,액션,Netflix(넷플릭스),엔터테인먼트,마피아42,전략,Netflix(넷플릭스),엔터테인먼트,리니지2M(12),롤플레잉,꿈의 집 (Homescapes),캐주얼 게임,쿠키런: 오븐브레이크,아케이드
32,FILCA - SLR 필름 카메라,oto & Video,kirakira+,oto & Video,ilSang Pro,oto & Video,nPlayer - The best media player,tertainment,Rummikub,보드,Forest: 집중하기,생산성,Rummikub,보드,Facetune - 무광고 버전,사진,Facetune - 무광고 버전,사진,Kingdom Rush Frontiers,전략,Plague Inc. (전염병 주식회사),시뮬레이션,NBA 2K20,스포츠,로한M(18),,일곱 개의 대죄: GRAND CROSS,롤플레잉,원피스 트레저 크루즈,롤플레잉,기적의 검,롤플레잉,케페우스M,롤플레잉,멜론,음악/오디오
33,올리브영,쇼핑,배틀그라운드,액션,SNOW 스노우,사진,LIFEPLUS,라이프스타일,배달의민족,식음료,잼라이브 (JAM LIVE) - 라이브 예능&쇼핑,엔터테인먼트,쿠팡 (Coupang),쇼핑,"피망 포커: 카지노 로얄 (7포커, 로우바둑이, 하이로우)",카지노,오늘의집 - 700만이 선택한 No.1 인테리어 필수앱,부동산/홈 인테리어,네이버 웹툰 - Naver Webtoon,만화,네이버 - NAVER,도서/참고자료,토스,금융,뇌명천하,롤플레잉,멜론,음악/오디오,다음웹툰 - DAUM WEBTOON,만화,꿈의 정원 (Gardenscapes),캐주얼 게임,라플라스M,롤플레잉,꿈의 정원 (Gardenscapes),캐주얼 게임
34,배틀그라운드,액션,스피릿위시,롤플레잉,쿠키런: 오븐브레이크,아케이드,Netflix(넷플릭스),엔터테인먼트,스푼 라디오 - Be A LIVE,음악/오디오,세븐나이츠,롤플레잉,왓챠플레이,엔터테인먼트,배틀그라운드,액션,멜론,음악/오디오,멜론,음악/오디오,BTS WORLD,캐주얼 게임,쿠키런: 오븐브레이크,아케이드,BTS WORLD,캐주얼 게임,꿈의 정원 (Gardenscapes),캐주얼 게임,Age of Z,전략,Netflix(넷플릭스),엔터테인먼트,Netflix(넷플릭스),엔터테인먼트,삼국지M,전략
35,서울 2033 : 후원자,어드벤처,데이그램 - 하루 한줄 일기장,라이프스타일,구닥,사진,Analog Budapest,oto & Video,Rebel Inc. (반란 주식회사),시뮬레이션,ilSang Pro,oto & Video,Forest: 집중하기,생산성,유니콘:광고차단 필수 앱,생산성,"Peace, Death!",아케이드,nPlayer - The best media player,tertainment,갓피플성경,도서/참고자료,오투잼 - 뮤직 & 게임,,일곱 개의 대죄: GRAND CROSS,롤플레잉,Netflix(넷플릭스),엔터테인먼트,꿈의 집 (Homescapes),캐주얼 게임,페이트/그랜드 오더,롤플레잉,Age of Z,전략,원피스 트레저 크루즈,롤플레잉
36,에브리타임 - 시간표 & 대학교 커뮤니티,소셜,카카오톡 KakaoTalk,커뮤니케이션,브랜디 - 여성들의 쇼핑맛집,쇼핑,NH스마트뱅킹,금융,당근마켓 - 우리 동네 중고 직거래 벼룩장터,쇼핑,한국 택시미터," (일 경과)
-

",YouTube,동영상 플레이어/편집기,YouTube,동영상 플레이어/편집기,SRT - 수서고속철도(NEW),여행 및 지역정보,wavve(웨이브) - 재미의 파도를 타다!,엔터테인먼트,게임빌프로야구 슈퍼스타즈,스포츠,쿠키런 for Kakao,어드벤처,샤이닝라이트,롤플레잉,Forest: 집중하기,생산성,BTS WORLD,캐주얼 게임,하쿠나 라이브 -  Live 방송,엔터테인먼트,위피 - 동네 친구가 필요할 때,소셜,Netflix(넷플릭스),엔터테인먼트
37,오버히트,롤플레잉,아이러브니키,시뮬레이션,멜론,음악/오디오,이사만루2019,스포츠,원피스 트레저 크루즈,롤플레잉,황제라 칭하라,롤플레잉,황제라 칭하라,롤플레잉,왓챠플레이,엔터테인먼트,브롤스타즈,액션,검은사막 모바일,롤플레잉,왓챠플레이,엔터테인먼트,왕이되는자,롤플레잉,"아자르 Azar -라이브로 친구찾기, 영상메신저",커뮤니케이션,붕괴3rd,액션,클론다이크 어드벤처,시뮬레이션,킹 오브 파이터 올스타,액션,하쿠나 라이브 -  Live 방송,엔터테인먼트,위피 - 동네 친구가 필요할 때,소셜
38,Analog Portland,oto & Video,로그하츠,롤플레잉,Rush Rally 2,자동차 경주,길고양이 이야기 : support edition,어드벤처,쉐프 우마미,mily,위대한 정복자: 로마,전략,Football Manager 2019 Mobile,스포츠,Analog Budapest,oto & Video,Analog Jeju,oto & Video,Analog Budapest,oto & Video,Analog Jeju,oto & Video,Facetune - 무광고 버전,사진,하쿠나 라이브 -  Live 방송,엔터테인먼트,다음웹툰 - DAUM WEBTOON,만화,삼국지M,전략,일곱 개의 대죄: GRAND CROSS,롤플레잉,로드 오브 히어로즈,롤플레잉,"아자르 Azar -라이브로 친구찾기, 영상메신저",커뮤니케이션
39,츠키의 모험 (Tsuki),어드벤처,세븐 - 액션게임의 통쾌하고 짜릿한 맛 그대로,tion,당근마켓 - 우리 동네 중고 직거래 벼룩장터,쇼핑,쿠팡 (Coupang),쇼핑,배달요기요,식음료,YouTube,동영상 플레이어/편집기,아이디어스(idus) - 핸드메이드/수공예 장터,쇼핑,Rummikub,보드,Instagram,소셜,스타벅스,엔터테인먼트,"카카오 T - 택시, 대리운전, 주차, 내비, 카풀, 바이크",지도/내비게이션,네이버 - NAVER,도서/참고자료,궁수의 전설,액션,뇌명천하,롤플레잉,위피 - 동네 친구가 필요할 때,소셜,꿈의 집 (Homescapes),캐주얼 게임,삼국지M,전략,브롤스타즈,액션
40,스푼 라디오 - Be A LIVE,음악/오디오,Pokémon GO,어드벤처,오크: 종족의 계승자,롤플레잉,배틀그라운드,액션,컴투스프로야구2020,스포츠,wavve(웨이브) - 재미의 파도를 타다!,엔터테인먼트,Netflix(넷플릭스),엔터테인먼트,wavve(웨이브) - 재미의 파도를 타다!,엔터테인먼트,스푼 라디오 - Be A LIVE,음악/오디오,쿠키런: 오븐브레이크,아케이드,킹 오브 파이터 올스타,액션,달빛조각사,롤플레잉,위피 - 동네 친구가 필요할 때,소셜,꿈의 집 (Homescapes),캐주얼 게임,브롤스타즈,액션,프린세스 커넥트! Re:Dive,롤플레잉,에픽세븐,롤플레잉,꿈의 집 (Homescapes),캐주얼 게임
41,Analog Acoustic,oto & Video,레이튼 교수와 이상한 마을 HD,어드벤처,Rebel Inc. (반란 주식회사),시뮬레이션,Rummikub,보드,에버테일,롤플레잉,NewBorder - 뉴보더 여백의 미,oto & Video,Analog London,oto & Video,FEELT,oto & Video,Forest: 집중하기,생산성,Analog London,oto & Video,오드마,어드벤처,nPlayer - The best media player,tertainment,꿈의 집 (Homescapes),캐주얼 게임,엑소스 히어로즈,롤플레잉,모두의마블,보드,라이프애프터,어드벤처,컴투스프로야구2020,스포츠,벅스 - Bugs,음악/오디오
42,CGV,엔터테인먼트,코레일톡,여행 및 지역정보,쿠팡 (Coupang),쇼핑,Mr Bullet - 스파이 퍼즐,퍼즐,YouTube,동영상 플레이어/편집기,Mr Bullet - 스파이 퍼즐,퍼즐,Kakao TV Live - 카카오 TV 라이브,엔터테인먼트,배달의민족,식음료,"VLLO (구 Vimo / 비모) - 동영상 편집 어플, Vlog 편집 배속 어플",동영상 플레이어/편집기,Facebook,소셜,알바몬 맞춤알바,"비즈니스
  (일 경과)",바비톡 - 대한민국 1등 성형앱 & 뷰티 커뮤니티,뷰티,라플라스M,롤플레잉,"아자르 Azar -라이브로 친구찾기, 영상메신저",커뮤니케이션,R5,롤플레잉,벅스 - Bugs,음악/오디오,"아자르 Azar -라이브로 친구찾기, 영상메신저",커뮤니케이션,킹오파 익스트림 매치,롤플레잉
43,하스스톤,카드,마피아 시티,전략,스푼 라디오 - Be A LIVE,음악/오디오,멜론,음악/오디오,서머너즈 워: 천공의 아레나,롤플레잉,멜론,음악/오디오,원피스 트레저 크루즈,롤플레잉,테라 클래식,롤플레잉,위피 - 동네 친구가 필요할 때,소셜,오늘도 우라라 원시 헌팅 라이프,롤플레잉,마피아 시티,전략,비트윈 Between,소셜,브롤스타즈,액션,리치리치,시뮬레이션,벅스 - Bugs,음악/오디오,이사만루3,스포츠,마피아42,전략,라플라스M,롤플레잉
44,데이그램 - 하루 한줄 일기장,라이프스타일,TouchRetouch,사진,DEEMO,음악,DEEMO,음악,GoodNotes 4 - 메모와 PDF,oductivity,A Dance Of Fire and Ice,음악,A Dance Of Fire and Ice,음악,Terraria,어드벤처,nPlayer - The best media player,tertainment,갓피플성경,도서/참고자료,DEEMO,음악,Forest: 집중하기,생산성,붕괴3rd,액션,벅스 - Bugs,음악/오디오,"아자르 Azar -라이브로 친구찾기, 영상메신저",커뮤니케이션,모두의마블,보드,서머너즈 워: 천공의 아레나,롤플레잉,D-MEN: 히어로 컴백,전략
45,[공식]고속버스 티머니,지도/내비게이션,Shoot n Merge - Block puzzle,퍼즐,"AliExpress - 스마트한쇼핑, 더즐거운생활",쇼핑,아이디어스(idus) - 핸드메이드/수공예 장터,쇼핑,Instagram,소셜,Instagram,소셜,공차,라이프스타일,당근마켓 - 우리 동네 중고 직거래 벼룩장터,쇼핑,YouTube,동영상 플레이어/편집기,Rescue Cut - Rope Puzzle,,Enlight Pixaloop,사진,"야놀자 - 국내 및 해외 호텔, 모텔, 펜션, 게하, 레저/티켓, 최대 80% 할인",여행 및 지역정보,다음웹툰 - DAUM WEBTOON,만화,궁수의 전설,액션,로드 오브 히어로즈,롤플레잉,"Bigo Live (비고라이브) – 라이브방송, 영상채팅",소셜,검은사막 모바일,롤플레잉,하쿠나 라이브 -  Live 방송,엔터테인먼트
46,황제라 칭하라,롤플레잉,FIFA ONLINE 4 M by EA SPORTS™,스포츠,킹스레이드,롤플레잉,오크: 종족의 계승자,롤플레잉,황제라 칭하라,롤플레잉,프린세스 커넥트! Re:Dive,롤플레잉,모두의마블,보드,삼국지M,전략,꿈의 집 (Homescapes),캐주얼 게임,Netflix(넷플릭스),엔터테인먼트,엑소스 히어로즈,롤플레잉,Netflix(넷플릭스),엔터테인먼트,벅스 - Bugs,음악/오디오,랑그릿사,전략,라플라스M,롤플레잉,달빛조각사,롤플레잉,원피스 트레저 크루즈,롤플레잉,다음웹툰 - DAUM WEBTOON,만화
47,FocusTimer Pro - 공부 습관이 바뀌는 앱,생산성,Feica - 나의 첫번째 필름 카메라,oto & Video,데이그램 - 하루 한줄 일기장,라이프스타일,Geometry Dash,아케이드,kirakira+,oto & Video,DEEMO,음악,NewBorder - 뉴보더 여백의 미,oto & Video,Feica - 나의 첫번째 필름 카메라,oto & Video,Geometry Dash,아케이드,위젯 캘린더,festyle,nPlayer - The best media player,tertainment,Analog Jeju,oto & Video,Age of Z,전략,위피 - 동네 친구가 필요할 때,소셜,글램 - 모든 매력적인 만남,데이트,라지엘,롤플레잉,다음웹툰 - DAUM WEBTOON,만화,서머너즈 워: 천공의 아레나,롤플레잉
48,네이버 - NAVER,도서/참고자료,"T map 택시 - 티맵택시,T맵택시",지도/내비게이션,passport,쇼핑,SOVS2 - 포즈 카메라,oto & Video,Run Race 3D,스포츠,SERIES - 네이버 시리즈,도서/참고자료,좀비 스트라이커：데스 서바이벌 AFK RPG,롤플레잉,"카카오 T - 택시, 대리운전, 주차, 내비, 카풀, 바이크",지도/내비게이션,Rummikub,보드,FLO – 플로,음악/오디오,Facebook,소셜,Best Nine Yearly for Instagram,oto & Video,Idle Heroes - 아이들 히어로즈,롤플레잉,프린세스 커넥트! Re:Dive,롤플레잉,eFootball PES 2020,스포츠,Pokémon GO,어드벤처,벅스 - Bugs,음악/오디오,eFootball PES 2020,스포츠
49,프렌즈레이싱,자동차 경주,다크에덴M,롤플레잉,서머너즈 워: 천공의 아레나,롤플레잉,서머너즈 워: 천공의 아레나,롤플레잉,오크: 종족의 계승자,롤플레잉,트라하,롤플레잉,클래시 오브 클랜,전략,Netflix(넷플릭스),엔터테인먼트,붕괴3rd,액션,로드 모바일: 제국의 전쟁 - MMORPG,전략,서머너즈 워: 천공의 아레나,롤플레잉,클래시 오브 클랜,전략,랑그릿사,전략,샤이닝라이트,롤플레잉,마피아42,전략,서머너즈 워: 천공의 아레나,롤플레잉,"Bigo Live (비고라이브) – 라이브방송, 영상채팅",소셜,로드 오브 히어로즈,롤플레잉
50,Samorost 3 (사모로스트 3),어드벤처,nPlayer - The best media player,tertainment,당신은 희망 입니다 (You are Hope),롤플레잉,Reigns: 왕좌의 게임,카드,FEELT,oto & Video,kirakira+,oto & Video,GoodNotes 4 - 메모와 PDF,oductivity,Rush Rally 2,자동차 경주,Analog Portland,oto & Video,NBA 2K20,스포츠,Ski Safari,아케이드,Analog London,oto & Video,달빛조각사,롤플레잉,하쿠나 라이브 -  Live 방송,엔터테인먼트,엠파이어 & 퍼즐 (Empires & Puzzles),롤플레잉,위피 - 동네 친구가 필요할 때,소셜,Pokémon GO,어드벤처,궁3D,롤플레잉
51,네이버 파파고 - AI 통번역,도구,ISP/페이북,금융,Messenger,커뮤니케이션,Angry Birds AR: Isle of Pigs,mulation,Egg Shot,ard,카카오뱅크 - 같지만 다른 은행,금융,AIA Vitality x T건강습관,건강/운동,쿠팡 (Coupang),쇼핑,"네이버 지도, 내비게이션",여행 및 지역정보,리브,금융,SNOW 스노우,사진,SNOW 스노우,사진,마피아42,전략,엠파이어 & 퍼즐 (Empires & Puzzles),롤플레잉,라스트 쉘터 (Last Shelter: Survival),전략,블레스 모바일,롤플레잉,붕괴3rd,액션,삼국지 오리진,"전략
  (일 경과)"
52,SuperStar PLEDIS,음악,신명,롤플레잉,신명,롤플레잉,프렌즈타운,퍼즐,V LIVE,엔터테인먼트,비트윈 Between,소셜,"아자르 Azar -라이브로 친구찾기, 영상메신저",커뮤니케이션,스푼 라디오 - Be A LIVE,음악/오디오,한게임 섯다,카드,다음웹툰 - DAUM WEBTOON,만화,쿠키런: 오븐브레이크,아케이드,V LIVE,엔터테인먼트,꽃피는 달빛,시뮬레이션,카운터사이드,롤플레잉,랑그릿사,전략,로드 오브 히어로즈,롤플레잉,건쉽배틀 토탈워페어,전략,리니지M(12),롤플레잉
53,"편한가계부 (+음성, PC)",금융,"편한가계부 (+음성, PC)",금융,사진청소기 - 사진/비디오 중복 삭제 및 앨범 압축,oto & Video,Cute Emoticon Keyboard,cial Networking,길고양이 이야기 : support edition,어드벤처,nPlayer - The best media player,tertainment,nPlayer - The best media player,tertainment,Reigns,카드,kirakira+,oto & Video,Bad North,,Analog Budapest,oto & Video,Analog Budapest,oto & Video,모두의마블,보드,서머너즈 워: 천공의 아레나,롤플레잉,궁수의 전설,액션,다음웹툰 - DAUM WEBTOON,만화,킹오파 익스트림 매치,롤플레잉,컴투스프로야구2020,스포츠
54,삼국지 조운장군전 - 캐주얼 전략 RPG 게임,롤플레잉,[공식]시외버스 티머니,지도/내비게이션,Cube Escape: Theatre KR,zzle,ISP/페이북,금융,쿠팡 (Coupang),쇼핑,브롤스타즈,액션,카카오페이,금융,"네이버 지도, 내비게이션",여행 및 지역정보,"번개장터 - 모바일 최대 중고마켓 앱(중고나라,중고차)",쇼핑,오늘의집 - 700만이 선택한 No.1 인테리어 필수앱,부동산/홈 인테리어,Chrome: 빠르고 안전한 브라우저,커뮤니케이션,Facebook,소셜,클래시 로얄,전략,eFootball PES 2020,스포츠,컴투스프로야구2020,스포츠,원피스 트레저 크루즈,롤플레잉,후궁의 법칙,롤플레잉,이사만루3,스포츠
55,쿠키런: 오븐브레이크,아케이드,"아자르 Azar -라이브로 친구찾기, 영상메신저",커뮤니케이션,벅스 - Bugs,음악/오디오,파천: 신이 되는 자,롤플레잉,eFootball PES 2020,스포츠,"아자르 Azar -라이브로 친구찾기, 영상메신저",커뮤니케이션,세븐나이츠,롤플레잉,클래시 오브 클랜,전략,"아자르 Azar -라이브로 친구찾기, 영상메신저",커뮤니케이션,붕괴3rd,액션,삼국지M,전략,꿈의 집 (Homescapes),캐주얼 게임,꿈의 정원 (Gardenscapes),캐주얼 게임,Minecraft,아케이드,뇌명천하,롤플레잉,후궁의 법칙,롤플레잉,제5인격,어드벤처,글램 - 모든 매력적인 만남,데이트
56,Cute Emoticon Keyboard,cial Networking,부라보 사진기,oto & Video,nPlayer - The best media player,tertainment,Analog Portland,oto & Video,Analog Beijing,oto & Video,Rebel Inc. (반란 주식회사),시뮬레이션,Cute Emoticon Keyboard,cial Networking,Rummikub,보드,"PLOT - 플롯, 나의 이야기",oto & Video,GoodNotes 4 - 메모와 PDF,oductivity,Forest: 집중하기,생산성,GoodNotes 4 - 메모와 PDF,oductivity,Tinder 새로운 친구를 발견해봐,라이프스타일,컴투스프로야구2020,스포츠,로드 모바일: 제국의 전쟁 - MMORPG,전략,BTS WORLD,캐주얼 게임,삼국지 오리진,"전략
  (일 경과)",킹 오브 파이터 올스타,액션
57,Chrome: 빠르고 안전한 브라우저,커뮤니케이션,"야놀자 - 국내 및 해외 호텔, 모텔, 펜션, 게하, 레저/티켓, 최대 80% 할인",여행 및 지역정보,Twist Hit!,캐주얼 게임,Zenly 젠리 - 친한 친구끼리,소셜,에이블리 - 셀럽마켓 모음앱,쇼핑,카카오톡 KakaoTalk,커뮤니케이션,[공식]고속버스 티머니,지도/내비게이션,i-ONE Bank - IBK기업은행,금융,카카오뱅크 - 같지만 다른 은행,금융,NAVER VIBE (바이브),음악/오디오,라스트오리진,롤플레잉,코레일톡,여행 및 지역정보,심쿵 소개팅 - 동네 이성친구 사귀기,소셜,스카이피아,롤플레잉,"Bigo Live (비고라이브) – 라이브방송, 영상채팅",소셜,별이되어라!,롤플레잉,SERIES ON - 네이버 시리즈 ON,동영상 플레이어/편집기,건쉽배틀 토탈워페어,전략
58,클래시 로얄,전략,MARVEL 퓨처파이트,롤플레잉,원피스 트레저 크루즈,롤플레잉,에픽세븐,롤플레잉,클래시 오브 클랜,전략,스푼 라디오 - Be A LIVE,음악/오디오,벅스 - Bugs,음악/오디오,파천: 신이 되는 자,롤플레잉,클래시 오브 클랜,전략,레이드: 그림자의 전설,롤플레잉,Netflix(넷플릭스),엔터테인먼트,위피 - 동네 친구가 필요할 때,소셜,헌드레드 소울,액션,냥코 대전쟁,캐주얼 게임,서머너즈 워: 천공의 아레나,롤플레잉,궁수의 전설,액션,리니지2M(12),롤플레잉,YouTube Music,음악/오디오
59,무디 - 영화/드라마 포토 다이어리,festyle,GoodNotes 4 - 메모와 PDF,oductivity,Geometry Dash,아케이드,Isoland,venture,데이그램 - 하루 한줄 일기장,라이프스타일,Muse Dash,음악,오투잼 - 뮤직 & 게임,,갓피플성경,도서/참고자료,갓피플성경,도서/참고자료,Feica - 나의 첫번째 필름 카메라,oto & Video,"편한가계부 (+음성, PC)",금융,Aquarium Tycoon,,서머너즈 워: 천공의 아레나,롤플레잉,Age of Z,전략,Tinder 새로운 친구를 발견해봐,라이프스타일,킹오파 익스트림 매치,롤플레잉,명일방주,전략,스타플레이 :  StarPlay,
60,"야놀자 - 국내 및 해외 호텔, 모텔, 펜션, 게하, 레저/티켓, 최대 80% 할인",여행 및 지역정보,Messenger,커뮤니케이션,Cube Escape: Seasons KR,zzle,Meow Guardians,le Playing,카카오톡 KakaoTalk,커뮤니케이션,네이버 - NAVER,도서/참고자료,Chrome: 빠르고 안전한 브라우저,커뮤니케이션,네이버 - NAVER,도서/참고자료,오늘도 우라라 원시 헌팅 라이프,롤플레잉,네이버 파파고 - AI 통번역,도구,알바천국- 알바 구인구직 포털서비스,비즈니스,네이버 웹툰 - Naver Webtoon,만화,리니지M(12),롤플레잉,이사만루3,스포츠,SERIES ON - 네이버 시리즈 ON,동영상 플레이어/편집기,"아자르 Azar -라이브로 친구찾기, 영상메신저",커뮤니케이션,리슨 Lysn,소셜,"Bigo Live (비고라이브) – 라이브방송, 영상채팅",소셜
61,Tinder 새로운 친구를 발견해봐,라이프스타일,Tinder 새로운 친구를 발견해봐,라이프스타일,마피아 시티,전략,클래시 오브 클랜,전략,뮤오리진2,롤플레잉,Tinder 새로운 친구를 발견해봐,라이프스타일,다음웹툰 - DAUM WEBTOON,만화,"아자르 Azar -라이브로 친구찾기, 영상메신저",커뮤니케이션,배틀그라운드,액션,벅스 - Bugs,음악/오디오,원피스 트레저 크루즈,롤플레잉,다음웹툰 - DAUM WEBTOON,만화,엠파이어 & 퍼즐 (Empires & Puzzles),롤플레잉,SERIES ON - 네이버 시리즈 ON,동영상 플레이어/편집기,아만다: 눈 높아도 괜찮은 프리미엄 소개팅,소셜,MARVEL 퓨처파이트,롤플레잉,R5,롤플레잉,전략적 팀 전투: 리그 오브 레전드 전략 게임,전략
62,Phone Doctor Plus,도구,당신은 희망 입니다 (You are Hope),롤플레잉,Analog Acoustic,oto & Video,갓피플성경,도서/참고자료,레이튼 교수와 이상한 마을 HD,어드벤처,TouchRetouch,사진,갓피플성경,도서/참고자료,GoodNotes 5,oductivity,"하루하루 - 필수 시간관리 앱, 위젯으로 간편한 체크",oductivity,데이그램 - 하루 한줄 일기장,라이프스타일,ilSang Pro,oto & Video,Puffin Browser Pro,커뮤니케이션,정오의 데이트,소셜,펜타스톰,액션,샤이닝라이트,롤플레잉,"피망 포커: 카지노 로얄 (7포커, 로우바둑이, 하이로우)",카지노,MARVEL 퓨처파이트,롤플레잉,검은사막 모바일,롤플레잉
63,멜론,음악/오디오,브롤스타즈,액션,술게임 - 술자리오락실,"라이프스타일
  (일 경과)",카카오톡 KakaoTalk,커뮤니케이션,Zenly 젠리 - 친한 친구끼리,소셜,Snowball Battle,venture,"네이버 지도, 내비게이션",여행 및 지역정보,Chrome: 빠르고 안전한 브라우저,커뮤니케이션,I Peel Good,시뮬레이션,"카카오 T - 택시, 대리운전, 주차, 내비, 카풀, 바이크",지도/내비게이션,BlockuDoku - 블록 퍼즐,,스타벅스,엔터테인먼트,하스스톤,카드,달빛조각사,롤플레잉,세븐나이츠,롤플레잉,Marvel 올스타 배틀,액션,글램 - 모든 매력적인 만남,데이트,클론다이크 어드벤처,시뮬레이션
64,몬스터 플래닛,venture,위 베어 베어스 더 퍼즐,퍼즐,에픽세븐,롤플레잉,프로야구 H2,스포츠,파천: 신이 되는 자,롤플레잉,원피스 트레저 크루즈,롤플레잉,아만다: 눈 높아도 괜찮은 프리미엄 소개팅,소셜,서머너즈 워: 천공의 아레나,롤플레잉,라스트 쉘터 (Last Shelter: Survival),전략,퍼즐앤드래곤,퍼즐,게임빌프로야구 슈퍼스타즈,스포츠,리니지M(12),롤플레잉,글램 - 모든 매력적인 만남,데이트,클론다이크 어드벤처,시뮬레이션,정오의 데이트,소셜,좀비고등학교,아케이드,클론다이크 어드벤처,시뮬레이션,클래시 오브 클랜,전략
65,던전 서바이벌,롤플레잉,Stardew Valley,롤플레잉,kirakira+,oto & Video,GoodNotes 4 - 메모와 PDF,oductivity,"편한가계부 (+음성, PC)",금융,Death Point,venture,DEEMO,음악,오투잼 - 뮤직 & 게임,,레이튼 교수와 악마의 상자 모바일 HD 리마스터,어드벤처,F3ATHER,,CamScanner+,oductivity,CamScanner+,oductivity,삼국지:디펜스의 신,전략,"Bigo Live (비고라이브) – 라이브방송, 영상채팅",소셜,달빛조각사,롤플레잉,프로야구 H2,스포츠,Tinder 새로운 친구를 발견해봐,라이프스타일,SERIES ON - 네이버 시리즈 ON,동영상 플레이어/편집기
66,Fate Predict: 미래 예측,tertainment,SNOW 스노우,사진,밴드,소셜,TikTok 틱톡,동영상 플레이어/편집기,SNOW 스노우,사진,술게임 - 술자리오락실,"라이프스타일
  (일 경과)",궁수의 전설,액션,멜론,음악/오디오,멜론,음악/오디오,SSG.COM,쇼핑,멜론,음악/오디오,지도,여행 및 지역정보,로드 모바일: 제국의 전쟁 - MMORPG,전략,글램 - 모든 매력적인 만남,데이트,프린세스 커넥트! Re:Dive,롤플레잉,글램 - 모든 매력적인 만남,데이트,모바일 레전드: Bang Bang,액션,스카이피플 (스피) : 서울대생이 만든 인증을 통한 안전한 소개팅 + 직장인 익명 커뮤니티,데이트
67,로드 모바일: 제국의 전쟁 - MMORPG,전략,다음웹툰 - DAUM WEBTOON,만화,Tinder 새로운 친구를 발견해봐,라이프스타일,창세기전 : 안타리아의 전쟁,롤플레잉,다음웹툰 - DAUM WEBTOON,만화,아이러브니키,시뮬레이션,Tinder 새로운 친구를 발견해봐,라이프스타일,벅스 - Bugs,음악/오디오,심쿵 소개팅 - 동네 이성친구 사귀기,소셜,서머너즈 워: 천공의 아레나,롤플레잉,리니지M(12),롤플레잉,서머너즈 워: 천공의 아레나,롤플레잉,라스트 쉘터 (Last Shelter: Survival),전략,Tinder 새로운 친구를 발견해봐,라이프스타일,삼국지:디펜스의 신,전략,라스트 쉘터 (Last Shelter: Survival),전략,궁수의 전설,액션,마피아 시티,전략
68,The Room: Old Sins,퍼즐,Rogue Cards - 던전 카드,zzle,Night of the Full Moon,전략,개념 한국사,교육,Night of the Full Moon,전략,Splendor,보드,Analog Portland,oto & Video,Analog Portland,oto & Video,GoodNotes 4 - 메모와 PDF,oductivity,킹덤 러쉬 벤전스 (Kingdom Rush Vengeance),전략,FILCA - SLR 필름 카메라,oto & Video,위플 가계부,nance,밀리의 서재 - 독서와 무제한 친해지리,도서/참고자료,모바일 레전드: Bang Bang,액션,로한M(18),,R5,롤플레잉,킹 오브 파이터 올스타,액션,붕괴3rd,액션
69,ISP/페이북,금융,Zenly 젠리 - 친한 친구끼리,소셜,Cube Escape: Arles KR,zzle,네이버 - NAVER,도서/참고자료,네이버 - NAVER,도서/참고자료,점과박자 (Dot n Beat)-손의 속도 테스트,음악,SRT - 수서고속철도(NEW),여행 및 지역정보,[공식]고속버스 티머니,지도/내비게이션,카카오맵 - 대한민국 No.1 지도앱 ( 지도 / 내비게이션 / 대중교통 / 로드뷰 ),여행 및 지역정보,ISP/페이북,금융,CGV,엔터테인먼트,운전면허 PLUS - 운전면허필기시험 (최신판 100%무료),교육,ANOTHER EDEN 시공을 넘는 고양이,롤플레잉,원피스 트레저 크루즈,롤플레잉,YouTube Music,음악/오디오,러브비트 : 애니타임,음악,V LIVE,엔터테인먼트,Tinder 새로운 친구를 발견해봐,라이프스타일
70,Pokémon GO,어드벤처,천사성역,롤플레잉,신삼국지 모바일-코에이 테크모 인증,전략,신명,롤플레잉,꿈의 집 (Homescapes),캐주얼 게임,블리치 Mobile 3D,롤플레잉,꿈의 정원 (Gardenscapes),캐주얼 게임,한게임 포커,카지노,궁수의 전설,액션,한게임 포커,카지노,모두의마블,보드,엑소스 히어로즈,롤플레잉,YouTube Music,음악/오디오,밀리의 서재 - 독서와 무제한 친해지리,도서/참고자료,모바일 레전드: Bang Bang,액션,케페우스M,롤플레잉,YouTube Music,음악/오디오,BTS WORLD,캐주얼 게임
71,ProCam 2 - 카메라와 사진 / 동영상 에디터,oto & Video,미니 메트로,시뮬레이션,Cytus II (사이터스Ⅱ),음악,사진청소기 - 사진/비디오 중복 삭제 및 앨범 압축,oto & Video,Feica - 나의 첫번째 필름 카메라,oto & Video,GoodNotes 4 - 메모와 PDF,oductivity,서울 2033 : 후원자,어드벤처,GoodNotes 4 - 메모와 PDF,oductivity,RFS - Real Flight Simulator,시뮬레이션,Rummikub,보드,Doodle God™,퍼즐,삼국지 한말패업,전략,리치리치,시뮬레이션,심쿵 소개팅 - 동네 이성친구 사귀기,소셜,닌자대전,롤플레잉,모바일 레전드: Bang Bang,액션,이사만루3,스포츠,Fallout Shelter Online,어드벤처
72,코레일톡,여행 및 지역정보,삼국지 조운장군전 - 캐주얼 전략 RPG 게임,롤플레잉,카카오맵 - 대한민국 No.1 지도앱 ( 지도 / 내비게이션 / 대중교통 / 로드뷰 ),여행 및 지역정보,메가박스(MEGABOX),엔터테인먼트,TikTok 틱톡,동영상 플레이어/편집기,네이버 파파고 - AI 통번역,도구,네이버 - NAVER,도서/참고자료,Facebook,소셜,Chrome: 빠르고 안전한 브라우저,커뮤니케이션,NH스마트뱅킹,금융,디펜스어벤저,전략,"VLLO (구 Vimo / 비모) - 동영상 편집 어플, Vlog 편집 배속 어플",동영상 플레이어/편집기,SERIES ON - 네이버 시리즈 ON,동영상 플레이어/편집기,프렌즈타운,퍼즐,MLB 퍼펙트 이닝 2019,스포츠,YouTube Music,음악/오디오,리치리치,시뮬레이션,리슨 Lysn,소셜
73,킹스레이드,롤플레잉,글램 - 모든 매력적인 만남,데이트,위 베어 베어스 더 퍼즐,퍼즐,다음웹툰 - DAUM WEBTOON,만화,프렌즈타운,퍼즐,위피 - 동네 친구가 필요할 때,소셜,클래시 로얄,전략,피망 섯다,카드,하쿠나 라이브 -  Live 방송,엔터테인먼트,이사만루2019,스포츠,컴투스프로야구2020,스포츠,라스트 쉘터 (Last Shelter: Survival),전략,한게임 섯다,카드,정오의 데이트,소셜,밀리의 서재 - 독서와 무제한 친해지리,도서/참고자료,에픽세븐,롤플레잉,"피망 포커: 카지노 로얄 (7포커, 로우바둑이, 하이로우)",카지노,심쿵 소개팅 - 동네 이성친구 사귀기,소셜
74,NBA 2K19,스포츠,갓피플성경,도서/참고자료,Mimpi Dreams,어드벤처,SleepTown: 건강한 수면 습관 익히기,alth & Fitness,Kingdom Rush Frontiers,전략,갓피플성경,도서/참고자료,SleepTown: 건강한 수면 습관 익히기,alth & Fitness,"편한가계부 (+음성, PC)",금융,Analog Beijing,oto & Video,미니 메트로,시뮬레이션,NewBorder - 뉴보더 여백의 미,oto & Video,FILCA - SLR 필름 카메라,oto & Video,"피망 포커: 카지노 로얄 (7포커, 로우바둑이, 하이로우)",카지노,리니지M(12),롤플레잉,Yu-Gi-Oh! Duel Links,카드,전략적 팀 전투: 리그 오브 레전드 전략 게임,전략,피카 - 가상 시뮬레이션 메신저,시뮬레이션,달빛조각사,롤플레잉
75,밴드,소셜,멜론,음악/오디오,오늘의집 - 700만이 선택한 No.1 인테리어 필수앱,부동산/홈 인테리어,크레이지아케이드 BnB M,아케이드,Messenger,커뮤니케이션,트리플 - 해외여행 가이드,여행 및 지역정보,Auto Chess,전략,SNOW 스노우,사진,SNOW 스노우,사진,네이버 클라우드 - NAVER Cloud,생산성,트립스토어 - 해외 패키지 & 에어텔 특가 비교,여행 및 지역정보,차이 - 결제마다 할인받는 간편결제,금융,"스픽 (Speak): 영어회화, 스피킹, 발음",교육,아이모 (The World of Magic),롤플레잉,심쿵 소개팅 - 동네 이성친구 사귀기,소셜,뇌명천하,롤플레잉,라지엘,롤플레잉,모두의마블,보드
76,라스트 쉘터 (Last Shelter: Survival),전략,이사만루2019,스포츠,MARVEL 퓨처파이트,롤플레잉,스카이피플 (스피) : 서울대생이 만든 인증을 통한 안전한 소개팅 + 직장인 익명 커뮤니티,데이트,마피아42,전략,신령의숲,롤플레잉,MARVEL 퓨처파이트,롤플레잉,이사만루2019,스포츠,글램 - 모든 매력적인 만남,데이트,BTS WORLD,캐주얼 게임,건쉽배틀 토탈워페어,전략,삼국지:디펜스의 신,전략,레이드: 그림자의 전설,롤플레잉,에픽세븐,롤플레잉,"피망 포커: 카지노 로얄 (7포커, 로우바둑이, 하이로우)",카지노,밀리의 서재 - 독서와 무제한 친해지리,도서/참고자료,엠파이어 & 퍼즐 (Empires & Puzzles),롤플레잉,밀리의 서재 - 독서와 무제한 친해지리,도서/참고자료
77,Just Press Record: Voice and Audio Recorder with Automatic Sync,ilities,Goblin Sword,le Playing,리틀베리숲이야기,어드벤처,Construction Simulator 3,시뮬레이션,SleepTown: 건강한 수면 습관 익히기,alth & Fitness,Hitman GO,퍼즐,Analog Beijing,oto & Video,60 Seconds! Atomic Adventure,어드벤처,LumaFusion,oto & Video,오투잼 - 뮤직 & 게임,,오투잼 - 뮤직 & 게임,,Procreate Pocket,tertainment,한게임 포커,카지노,킹 오브 파이터 올스타,액션,킹 오브 파이터 올스타,액션,리니지M(12),롤플레잉,정오의 데이트,소셜,Pokémon GO,어드벤처
78,"T map 택시 - 티맵택시,T맵택시",지도/내비게이션,"네이버 지도, 내비게이션",여행 및 지역정보,ISP/페이북,금융,멜론,음악/오디오,마켓컬리-내일의 장보기,식음료,"네이버 지도, 내비게이션",여행 및 지역정보,FaceApp,사진,Fish Crazy Master,mes,Zenly 젠리 - 친한 친구끼리,소셜,셀렉트숍 무신사 - SELECT SHOP MUSINSA,쇼핑,오늘의집 - 700만이 선택한 No.1 인테리어 필수앱,부동산/홈 인테리어,NH스마트뱅킹,금융,제5인격,어드벤처,각성: 열렙전사 with NAVER WEBTOON,롤플레잉,리치리치,시뮬레이션,SERIES ON - 네이버 시리즈 ON,동영상 플레이어/편집기,로드 모바일: 제국의 전쟁 - MMORPG,전략,PhotoWonder-뷰티 카메라,사진
79,포트리스M,액션,꿈의 정원 (Gardenscapes),캐주얼 게임,글램 - 모든 매력적인 만남,데이트,성을 수호하라:Tower Defense,전략,레전드 오브 블루문-Legend of Bluemoon,롤플레잉,엠파이어 & 퍼즐 (Empires & Puzzles),롤플레잉,꿈의 마을 (Township),캐주얼 게임,Tinder 새로운 친구를 발견해봐,라이프스타일,Idle Heroes - 아이들 히어로즈,롤플레잉,로한M,롤플레잉,별이되어라!,롤플레잉,아이러브니키,시뮬레이션,데스티니 차일드,롤플레잉,한게임 포커,카지노,"VLLO (구 Vimo / 비모) - 동영상 편집 어플, Vlog 편집 배속 어플",동영상 플레이어/편집기,Tinder 새로운 친구를 발견해봐,라이프스타일,심쿵 소개팅 - 동네 이성친구 사귀기,소셜,리치리치,시뮬레이션
80,미니 메트로,시뮬레이션,Geometry Dash,아케이드,To the Moon,롤플레잉,Bloons TD 5,전략,갓피플성경,도서/참고자료,Poly Bridge,zzle,미니 메트로,시뮬레이션,회전초밥 스토리,캐주얼 게임,NBA 2K20,스포츠,The Swords of Ditto,,위젯 캘린더,festyle,Space Marshals,액션,아만다: 눈 높아도 괜찮은 프리미엄 소개팅,소셜,YouTube Music,음악/오디오,"캠톡S - 화상채팅,영상채팅",커뮤니케이션,로드 모바일: 제국의 전쟁 - MMORPG,전략,랑그릿사,전략,놀러와 마이홈,시뮬레이션
81,마켓컬리-내일의 장보기,식음료,네이버 클라우드 - NAVER Cloud,생산성,Cube Escape: The Lake KR,venture,트리플 - 해외여행 가이드,여행 및 지역정보,아이디어스(idus) - 핸드메이드/수공예 장터,쇼핑,"여기어때 - 호텔, 모텔, 펜션, 캠핑, 게하, 액티비티 최저가 예약!",여행 및 지역정보,라플라스M,롤플레잉,"번개장터 - 모바일 최대 중고마켓 앱(중고나라,중고차)",쇼핑,ISP/페이북,금융,모바일 관세청,비즈니스,트리플 - 해외여행 가이드,여행 및 지역정보,배틀그라운드,액션,Minecraft,아케이드,로드 모바일: 제국의 전쟁 - MMORPG,전략,용의기원,롤플레잉,PhotoWonder-뷰티 카메라,사진,커넥팅 - 심심할 때 통화할 편한 친구,소셜,후궁의 법칙,롤플레잉
82,소울아크: 시즌2 리유니온,롤플레잉,DRAGON BALL Z 폭렬격전,액션,꿈의 정원 (Gardenscapes),캐주얼 게임,컴투스프로야구매니저,스포츠,글램 - 모든 매력적인 만남,데이트,꿈의 정원 (Gardenscapes),캐주얼 게임,아르카,롤플레잉,라그나로크M: 시즌2 빛과 그림자,롤플레잉,이터:던전의 포식자,롤플레잉,Tinder 새로운 친구를 발견해봐,라이프스타일,일곱 개의 대죄: GRAND CROSS,롤플레잉,모바일 레전드: Bang Bang,액션,드래곤 스카이 - 슈팅 방치형 RPG,롤플레잉,아이러브니키,시뮬레이션,리니지M(12),롤플레잉,SuperStar WOOLLIM,음악,밀리의 서재 - 독서와 무제한 친해지리,도서/참고자료,아마시아 - 나와 가까운 인연부터 외국인까지👩\u200d❤️\u200d💋\u200d👨,커뮤니케이션
83,Amazing Frog?,tion,서울 2033 : 후원자,어드벤처,워터파크 스토리,시뮬레이션,FocusTimer Pro - 공부 습관이 바뀌는 앱,생산성,Terraria,어드벤처,Terraria,어드벤처,Rebel Inc. (반란 주식회사),시뮬레이션,FocusTimer Pro - 공부 습관이 바뀌는 앱,생산성,"하루 계획표, 학교종이",festyle,개념 한국사,교육,SleepTown: 건강한 수면 습관 익히기,alth & Fitness,Splendor,보드,모바일 레전드: Bang Bang,액션,트라하,롤플레잉,꽃피는 달빛,시뮬레이션,심쿵 소개팅 - 동네 이성친구 사귀기,소셜,영원한 7일의 도시,롤플레잉,에픽세븐,롤플레잉
84,알바몬 맞춤알바,"비즈니스
  (일 경과)",에이블리 - 셀럽마켓 모음앱,쇼핑,Cube Escape: The Cave KR,venture,밴드,소셜,멜론,음악/오디오,SNOW 스노우,사진,오늘의집 - 700만이 선택한 No.1 인테리어 필수앱,부동산/홈 인테리어,NAVER VIBE (바이브),음악/오디오,콴다 - 400만 다운로드 수학 공부앱,교육,알바몬 맞춤알바,"비즈니스
  (일 경과)",코레일톡,여행 및 지역정보,브랜디 - 여성들의 쇼핑맛집,쇼핑,"Bigo Live (비고라이브) – 라이브방송, 영상채팅",소셜,"피망 포커: 카지노 로얄 (7포커, 로우바둑이, 하이로우)",카지노,라이프애프터,어드벤처,한게임 포커,카지노,마피아 시티,전략,라스트 쉘터 (Last Shelter: Survival),전략
85,마피아42,전략,"스와이프 - 세상의 모든 만남, 소개팅앱 1위!",라이프스타일,헌드레드 소울,액션,글램 - 모든 매력적인 만남,데이트,스카이피플 (스피) : 서울대생이 만든 인증을 통한 안전한 소개팅 + 직장인 익명 커뮤니티,데이트,위 베어 베어스 더 퍼즐,퍼즐,트라하,롤플레잉,아이러브니키,시뮬레이션,아만다: 눈 높아도 괜찮은 프리미엄 소개팅,소셜,클래시 오브 클랜,전략,삼국지:디펜스의 신,전략,Age of Z,전략,프렌즈타운,퍼즐,위 베어 베어스 더 퍼즐,퍼즐,명일방주,전략,MLB 9이닝스 20,스포츠,리니지M(12),롤플레잉,뱅드림! 걸즈 밴드 파티!,음악
86,사진청소기 - 사진/비디오 중복 삭제 및 앨범 압축,oto & Video,Terraria,어드벤처,GoCamera 소니 PlayMemories 카메라 용,oto & Video,마녀의 샘,롤플레잉,던전 서바이벌,롤플레잉,Getting Over It with Bennett Foddy,시뮬레이션,LumaFusion,oto & Video,미니 메트로,시뮬레이션,Hyper Light Drifter,,Notability,oductivity,Pirates Outlaws,카드,레이튼 교수와 악마의 상자 모바일 HD 리마스터,어드벤처,오늘도 우라라 원시 헌팅 라이프,롤플레잉,아만다: 눈 높아도 괜찮은 프리미엄 소개팅,소셜,Guns of Glory: 왕을 위한 장대한 군대 구축,전략,리치리치,시뮬레이션,꿈의 마을 (Township),캐주얼 게임,"포스텔러 - 신년운세, 무료운세, 사주, 타로, 궁합, 토정비결, 별자리, 손금, 풍수",엔터테인먼트
87,뱅크샐러드,금융,지그재그 - No.1 여성쇼핑몰 모음앱,쇼핑,Cube Escape: Birthday KR,zzle,콴다 - 400만 다운로드 수학 공부앱,교육,CGV,엔터테인먼트,멜론,음악/오디오,"번개장터 - 모바일 최대 중고마켓 앱(중고나라,중고차)",쇼핑,밴드,소셜,지도,여행 및 지역정보,카카오맵 - 대한민국 No.1 지도앱 ( 지도 / 내비게이션 / 대중교통 / 로드뷰 ),여행 및 지역정보,아이디어스(idus) - 핸드메이드/수공예 장터,쇼핑,판타지타운,캐주얼 게임,프로야구 H2,스포츠,BTS WORLD,캐주얼 게임,스카이피플 (스피) : 서울대생이 만든 인증을 통한 안전한 소개팅 + 직장인 익명 커뮤니티,데이트,마피아42,전략,eFootball PES 2020,스포츠,정오의 데이트,소셜
88,반지,롤플레잉,프렌즈레이싱,자동차 경주,스카이피플 (스피) : 서울대생이 만든 인증을 통한 안전한 소개팅 + 직장인 익명 커뮤니티,데이트,아만다: 눈 높아도 괜찮은 프리미엄 소개팅,소셜,위 베어 베어스 더 퍼즐,퍼즐,라이프애프터,어드벤처,진룡삼국,전략,글램 - 모든 매력적인 만남,데이트,SERIES ON - 네이버 시리즈 ON,동영상 플레이어/편집기,아만다: 눈 높아도 괜찮은 프리미엄 소개팅,소셜,러브앤프로듀서,롤플레잉,브롤스타즈,액션,방치함대,전략,꿈의 마을 (Township),캐주얼 게임,위 베어 베어스 더 퍼즐,퍼즐,아만다: 눈 높아도 괜찮은 프리미엄 소개팅,소셜,달빛조각사,롤플레잉,엠파이어 & 퍼즐 (Empires & Puzzles),롤플레잉
89,탐욕의 동굴(The Greedy Cave),롤플레잉,Phone Doctor Plus,도구,Hidden Folks,venture,Cytus II (사이터스Ⅱ),음악,GoodNotes 5,oductivity,Kingdom Rush Origins,전략,Analog Acoustic,oto & Video,Moment - Pro Camera,oto & Video,Rebel Inc. (반란 주식회사),시뮬레이션,위플 가계부,nance,히어로언리쉬드,롤플레잉,레이튼 교수와 이상한 마을 HD,어드벤처,에픽세븐,롤플레잉,꽃피는 달빛,시뮬레이션,Toon Blast,퍼즐,브라운더스트 - 9vs9 턴제 PvP,롤플레잉,Toon Blast,퍼즐,"피망 포커: 카지노 로얄 (7포커, 로우바둑이, 하이로우)",카지노
90,왓챠플레이,엔터테인먼트,프렌즈레이싱,자동차 경주,CGV,엔터테인먼트,"카카오 T - 택시, 대리운전, 주차, 내비, 카풀, 바이크",지도/내비게이션,밴드,소셜,FLO – 플로,음악/오디오,멜론,음악/오디오,네이버 파파고 - AI 통번역,도구,[공식]고속버스 티머니,지도/내비게이션,Google,도구,모바일 관세청,비즈니스,샤이닝라이트,롤플레잉,클론다이크 어드벤처,시뮬레이션,오늘도 우라라 원시 헌팅 라이프,롤플레잉,Minecraft,아케이드,클래시 오브 클랜,전략,꽃피는 달빛,시뮬레이션,모바일 레전드: Bang Bang,액션
91,클래시 오브 클랜,전략,심쿵 소개팅 - 동네 이성친구 사귀기,소셜,궁정계,롤플레잉,위 베어 베어스 더 퍼즐,퍼즐,에픽세븐,롤플레잉,제5인격,어드벤처,오크: 종족의 계승자,롤플레잉,꿈의 정원 (Gardenscapes),캐주얼 게임,"피망 포커: 카지노 로얄 (7포커, 로우바둑이, 하이로우)",카지노,세븐나이츠,롤플레잉,위피 - 동네 친구가 필요할 때,소셜,BTS WORLD,캐주얼 게임,트라하,롤플레잉,페이트/그랜드 오더,롤플레잉,엑소스 히어로즈,롤플레잉,스카이피플 (스피) : 서울대생이 만든 인증을 통한 안전한 소개팅 + 직장인 익명 커뮤니티,데이트,"스픽 (Speak): 영어회화, 스피킹, 발음",교육,뇌명천하,롤플레잉
92,Reigns: 왕좌의 게임,카드,NBA 2K19,스포츠,Terraria,어드벤처,감성공장,oductivity,위젯 캘린더,festyle,위플 가계부,nance,Poly Bridge,zzle,던전메이커,전략,Notability,oductivity,위대한 정복자: 로마,전략,GoodNotes 5,oductivity,마녀의 샘,롤플레잉,컴투스프로야구2020,스포츠,Pokémon GO,어드벤처,컴투스프로야구매니저,스포츠,컴투스프로야구2020,스포츠,세븐나이츠,롤플레잉,골드스푼 : 자격을 갖춘 남녀를 위한 안전한 소개팅,소셜
93,소울아크: 시즌2 리유니온,롤플레잉,왓챠플레이,엔터테인먼트,KB국민은행 스타뱅킹,금융,WeChat,커뮤니케이션,프렌즈타운,퍼즐,지도,여행 및 지역정보,SNOW 스노우,사진,FLO – 플로,음악/오디오,Facebook,소셜,지도,여행 및 지역정보,NAVER VIBE (바이브),음악/오디오,ISP/페이북,금융,스카이피플 (스피) : 서울대생이 만든 인증을 통한 안전한 소개팅 + 직장인 익명 커뮤니티,데이트,Toon Blast,퍼즐,캔디크러쉬사가,캐주얼 게임,헌드레드 소울,액션,"캠톡S - 화상채팅,영상채팅",커뮤니케이션,아만다: 눈 높아도 괜찮은 프리미엄 소개팅,소셜
94,글램 - 모든 매력적인 만남,데이트,클래시 로얄,전략,천사성역,롤플레잉,위피 - 동네 친구가 필요할 때,소셜,밀리의 서재 - 독서와 무제한 친해지리,도서/참고자료,MARVEL 퓨처파이트,롤플레잉,SERIES ON - 네이버 시리즈 ON,동영상 플레이어/편집기,블리치 Mobile 3D,롤플레잉,라이프애프터,어드벤처,정오의 데이트,소셜,다음웹툰 - DAUM WEBTOON,만화,로드 모바일: 제국의 전쟁 - MMORPG,전략,Toon Blast,퍼즐,데스티니 차일드,롤플레잉,쿠킹 다이어리: 카페 레스토랑 경영 게임,시뮬레이션,영주 : 백의 연대기,롤플레잉,냥코 대전쟁,캐주얼 게임,Toon Blast,퍼즐
95,Mi Band Master,alth & Fitness,위젯 캘린더,festyle,Amazing Frog?,tion,Phone Doctor Plus,도구,Speater (구간반복 어학기 - 노래/음악/동영상/영화/미드 ),ucation,Monument Valley,퍼즐,Infinite Flight - 비행 시뮬레이터,시뮬레이션,던전공주,롤플레잉,Journey,mily,FEELT,oto & Video,SOFTO - Polaroid Camera,,Dead Cells,,위 베어 베어스 더 퍼즐,퍼즐,피망 뉴맞고 : 고스톱으로 대한민국 1등,카드,커넥팅 - 심심할 때 통화할 편한 친구,소셜,샤이닝라이트,롤플레잉,레진코믹스 - 매일 무료 웹툰,만화,"Twitch: 리그 오브 레전드, Hearthstone, MMO 게임 스트리밍 라이브 시청",엔터테인먼트
96,삼국로맨스 전장의 소녀RPG,롤플레잉,아프리카TV - AfreecaTV,동영상 플레이어/편집기,Cube Escape: Case 23 KR,zzle,"야놀자 - 국내 및 해외 호텔, 모텔, 펜션, 게하, 레저/티켓, 최대 80% 할인",여행 및 지역정보,인천e음,금융,Messenger,커뮤니케이션,퍼스트 서머너,롤플레잉,모바일 관세청,비즈니스,"커넥츠: 무료 공부질문 앱-500만 다운로드 (문제해설, 노하우, 과외, 인강)",교육,알바천국- 알바 구인구직 포털서비스,비즈니스,네이버 클라우드 - NAVER Cloud,생산성,네이버 파파고 - AI 통번역,도구,FIFA 축구,스포츠,뮤오리진2,롤플레잉,이사만루3,스포츠,골드스푼 : 자격을 갖춘 남녀를 위한 안전한 소개팅,소셜,로엠,롤플레잉,마피아42,전략
97,컴투스프로야구2020,스포츠,좀비 스트라이커：데스 서바이벌 AFK RPG,롤플레잉,삼국지 조운장군전 - 캐주얼 전략 RPG 게임,롤플레잉,궁정계,롤플레잉,위피 - 동네 친구가 필요할 때,소셜,프리스타일2:플라잉덩크,스포츠,킹 오브 파이터 올스타,액션,ONE PIECE Bounty Rush,액션,마피아 시티,전략,리치리치,시뮬레이션,"피망 포커: 카지노 로얄 (7포커, 로우바둑이, 하이로우)",카지노,킹 오브 파이터 올스타,액션,마피아 시티,전략,"VLLO (구 Vimo / 비모) - 동영상 편집 어플, Vlog 편집 배속 어플",동영상 플레이어/편집기,한게임 포커,카지노,정오의 데이트,소셜,프린세스 커넥트! Re:Dive,롤플레잉,커넥팅 - 심심할 때 통화할 편한 친구,소셜
98,TouchRetouch,사진,GoodNotes 5,oductivity,Monument Valley,퍼즐,kirakira+,oto & Video,FiLMiC Pro: 프로 HD 수동 비디오 카메라 어플,사진,워터파크 스토리,시뮬레이션,MONG LI,oto & Video,Analog Acoustic,oto & Video,R-Play - PS4를 위한 리모트 플레이,tertainment,로그하츠,롤플레잉,FEELT,oto & Video,Analog Beijing,oto & Video,좀비고등학교,아케이드,닌자대전,롤플레잉,레이드: 그림자의 전설,롤플레잉,프렌즈타운,퍼즐,Yu-Gi-Oh! Duel Links,카드,로드 모바일: 제국의 전쟁 - MMORPG,전략
99,PicsArt Photo Editor: 콜라주 메이커 & 사진 편집기,사진,다방 - 대한민국 부동산 매물 최다보유,부동산/홈 인테리어,Color Bump 3D,아케이드,롯데 ON - 롯데하이마트,쇼핑,네이버 클라우드 - NAVER Cloud,생산성,유니콘 HTTPS 우회앱 -  안전하고 빠른 HTTPS/SNI 차단 우회앱,도구,Draw it,아케이드,카카오페이,금융,"티빙(TVING) - 실시간TV, 방송VOD, 영화VOD",동영상 플레이어/편집기,BlockuDoku - 블록 퍼즐,,"번개장터 - 모바일 최대 중고마켓 앱(중고나라,중고차)",쇼핑,"티빙(TVING) - 실시간TV, 방송VOD, 영화VOD",동영상 플레이어/편집기,DX : 신 세기의 전쟁,롤플레잉,"캠톡S - 화상채팅,영상채팅",커뮤니케이션,러브라이브! ALL STARS,,꽃피는 달빛,시뮬레이션,에보니 - 왕의 귀환,전략,랑그릿사,전략
100,SPOTV NOW(스포티비 나우) - 프리미엄 스포츠 생중계,스포츠,헌드레드 소울,액션,마스터탱커,롤플레잉,심쿵 소개팅 - 동네 이성친구 사귀기,소셜,심쿵 소개팅 - 동네 이성친구 사귀기,소셜,글램 - 모든 매력적인 만남,데이트,린: 더 라이트브링어,롤플레잉,꿈의 마을 (Township),캐주얼 게임,정오의 데이트,소셜,테라 클래식,롤플레잉,Tinder 새로운 친구를 발견해봐,라이프스타일,클래시 로얄,전략,,,,,,,,,,,,
101,Florence,퍼즐,Wordmaster 워드마스터 수능 2000(18개정),ucation,레플리카 ( Replica ),어드벤처,로그하츠,롤플레잉,Polca,oto & Video,Geometry Dash,아케이드,Ski Safari 2,아케이드,사진청소기 - 사진/비디오 중복 삭제 및 앨범 압축,oto & Video,지겨워하지마: VIP (방치형 RPG 게임),롤플레잉,"하루하루 - 필수 시간관리 앱, 위젯으로 간편한 체크",oductivity,FocusTimer Pro - 공부 습관이 바뀌는 앱,생산성,"PLOT - 플롯, 나의 이야기",oto & Video,,,,,,,,,,,,
102,롯데시네마,엔터테인먼트,"PASS by SK TELECOM(구, T인증)",금융,네이버 클라우드 - NAVER Cloud,생산성,배틀그라운드,액션,"폴라리스 오피스 - 무료 한글, 오피스 문서 + PDF,  텍스트 뷰어",생산성,카카오맵 - 대한민국 No.1 지도앱 ( 지도 / 내비게이션 / 대중교통 / 로드뷰 ),여행 및 지역정보,데일리호텔,여행 및 지역정보,Zenly 젠리 - 친한 친구끼리,소셜,Google,도구,Gmail,커뮤니케이션,"야놀자 - 국내 및 해외 호텔, 모텔, 펜션, 게하, 레저/티켓, 최대 80% 할인",여행 및 지역정보,Pocket World 3D,캐주얼 게임,,,,,,,,,,,,
103,버닝: 매지컬소드,롤플레잉,ANOTHER EDEN 시공을 넘는 고양이,롤플레잉,DRAGON BALL LEGENDS -드래곤 볼 레전즈-,액션,인공지능 소개팅 애나 - 목소리도 듣고 분석도 하고,소셜,린: 더 라이트브링어,롤플레잉,마피아 시티,전략,"Bigo Live (비고라이브) – 라이브방송, 영상채팅",소셜,로드 모바일: 제국의 전쟁 - MMORPG,전략,피망 섯다,카드,완미세계,롤플레잉,DX : 신 세기의 전쟁,롤플레잉,아만다: 눈 높아도 괜찮은 프리미엄 소개팅,소셜,,,,,,,,,,,,
104,로그하츠,롤플레잉,Kingdom Rush Frontiers,전략,위젯 캘린더,festyle,Doodle Jump,아케이드,Bloons TD 6,전략,BADLAND,어드벤처,FiLMiC Pro: 프로 HD 수동 비디오 카메라 어플,사진,Incredibox,음악,에버테일,롤플레잉,FocusTimer Pro - 공부 습관이 바뀌는 앱,생산성,Feica - 나의 첫번째 필름 카메라,oto & Video,Analog Acoustic,oto & Video,,,,,,,,,,,,
105,아이디어스(idus) - 핸드메이드/수공예 장터,쇼핑,CGV,엔터테인먼트,Draw it,아케이드,하이버 – 남자들의 쇼핑앱,쇼핑,아르카,롤플레잉,"트립닷컴 - 전 세계 항공권, 호텔, 기차표 & 액티비티 특가 예약, 블록버스터급 여행앱",여행 및 지역정보,마켓컬리-내일의 장보기,식음료,"야놀자 - 국내 및 해외 호텔, 모텔, 펜션, 게하, 레저/티켓, 최대 80% 할인",여행 및 지역정보,네이버 웹툰 - Naver Webtoon,만화,카카오페이,금융,[공식]시외버스 티머니,지도/내비게이션,셀렉트숍 무신사 - SELECT SHOP MUSINSA,쇼핑,,,,,,,,,,,,
106,슈퍼파워몬스터,le Playing,FIFA 축구,스포츠,ANOTHER EDEN 시공을 넘는 고양이,롤플레잉,밀리의 서재 - 독서와 무제한 친해지리,도서/참고자료,"극한직업:RICH-재벌 키우기 전략 SRPG, 독창적인 시뮬레이션 게임",시뮬레이션,창세기전 : 안타리아의 전쟁,롤플레잉,MLB 9이닝스 20,스포츠,스카이피플 (스피) : 서울대생이 만든 인증을 통한 안전한 소개팅 + 직장인 익명 커뮤니티,데이트,엠파이어 & 퍼즐 (Empires & Puzzles),롤플레잉,밀리의 서재 - 독서와 무제한 친해지리,도서/참고자료,모바일 레전드: Bang Bang,액션,밀리의 서재 - 독서와 무제한 친해지리,도서/참고자료,,,,,,,,,,,,
107,위젯 캘린더,festyle,위플 가계부,nance,iReal Pro ? 음악 책 & 합주,sic,Pirates Outlaws,카드,Worms 4,전략,Rusty Lake Hotel KR,venture,BestLuck - 감성 스토리 어드벤쳐 게임,퍼즐,Hidden Folks,venture,Shadow Of Death: Premium Games,le Playing,반교:디텐션,,Alien: Blackout,tion,Doodle Jump,아케이드,,,,,,,,,,,,
108,트리플 - 해외여행 가이드,여행 및 지역정보,우리은행 위비뱅크,금융,위메프 - 특가대표 (특가 / 쇼핑 / 쇼핑앱 / 쿠폰 / 배송),쇼핑,"폴라리스 오피스 - 무료 한글, 오피스 문서 + PDF,  텍스트 뷰어",생산성,트리플 - 해외여행 가이드,여행 및 지역정보,쇼핑을 바꾸는 쇼핑. G마켓,쇼핑,Airbnb (에어비앤비) - 색다른 숙소 특별한 여행,여행 및 지역정보,술게임 - 술자리오락실,"라이프스타일
  (일 경과)",알바몬 맞춤알바,"비즈니스
  (일 경과)","야놀자 - 국내 및 해외 호텔, 모텔, 펜션, 게하, 레저/티켓, 최대 80% 할인",여행 및 지역정보,마켓컬리-내일의 장보기,식음료,알바천국- 알바 구인구직 포털서비스,비즈니스,,,,,,,,,,,,
109,밀리의 서재 - 독서와 무제한 친해지리,도서/참고자료,더 킹 오브 파이터즈 98 UM온라인,롤플레잉,크루세이더 퀘스트,롤플레잉,히어로칸타레 with NAVER WEBTOON,롤플레잉,궁정계,롤플레잉,밀리의 서재 - 독서와 무제한 친해지리,도서/참고자료,Pokémon GO,어드벤처,갓수라: 운명을 지배하는 자,롤플레잉,스카이피플 (스피) : 서울대생이 만든 인증을 통한 안전한 소개팅 + 직장인 익명 커뮤니티,데이트,피망 뉴맞고 : 고스톱으로 대한민국 1등,카드,밀리의 서재 - 독서와 무제한 친해지리,도서/참고자료,마피아 시티,전략,,,,,,,,,,,,
110,개념 한국사,교육,TEDICT - TED로 영어를 배우세요,교육,Goblin Sword,le Playing,Rusty Lake: Roots KR,venture,Just Press Record: Voice and Audio Recorder with Automatic Sync,ilities,데이그램 - 하루 한줄 일기장,라이프스타일,"편한가계부 (+음성, PC)",금융,개념 한국사,교육,서울 2033 : 후원자,어드벤처,NewBorder - 뉴보더 여백의 미,oto & Video,Flashcards Deluxe,교육,Terraria,어드벤처,,,,,,,,,,,,
111,카카오버스,지도/내비게이션,마녀병기,롤플레잉,"야놀자 - 국내 및 해외 호텔, 모텔, 펜션, 게하, 레저/티켓, 최대 80% 할인",여행 및 지역정보,마켓컬리-내일의 장보기,식음료,"PAYCO - 페이코, 혜택까지 똑똑한 간편결제",라이프스타일,아이디어스(idus) - 핸드메이드/수공예 장터,쇼핑,쏘카 - 1등 카셰어링,지도/내비게이션,"여기어때 - 호텔, 모텔, 펜션, 캠핑, 게하, 액티비티 최저가 예약!",여행 및 지역정보,마켓컬리-내일의 장보기,식음료,KB국민카드,금융,Gmail,커뮤니케이션,조선 영웅전--수집형 RPG 모바일 게임,롤플레잉,,,,,,,,,,,,
112,이사만루2019,스포츠,소울아크: 시즌2 리유니온,롤플레잉,테이크미 - Take Me Video chat 화상채팅,소셜,아리엘,롤플레잉,창세기전 : 안타리아의 전쟁,롤플레잉,"포스텔러 - 신년운세, 무료운세, 사주, 타로, 궁합, 토정비결, 별자리, 손금, 풍수",엔터테인먼트,Z Day: 영웅 전략 전쟁 | 군대 생존 MMO,전략,새 천하를 열다,전략,"스와이프 - 세상의 모든 만남, 소개팅앱 1위!",라이프스타일,모바일 레전드: Bang Bang,액션,세븐나이츠,롤플레잉,별이되어라!,롤플레잉,,,,,,,,,,,,
113,SleepTown: 건강한 수면 습관 익히기,alth & Fitness,To the Moon,롤플레잉,부라보 사진기,oto & Video,BFT - Bear Focus Timer,ilities,워터파크 스토리,시뮬레이션,Hidden Folks,venture,"nPlayer - 무인코딩, 스트리밍 동영상 재생 플레이어",tertainment,Phone Doctor Plus,도구,Terraria,어드벤처,Analog Portland,oto & Video,Rebel Inc. (반란 주식회사),시뮬레이션,위젯 캘린더,festyle,,,,,,,,,,,,
114,Tap Tap Music-Pop Songs,음악,"VLLO (구 Vimo / 비모) - 동영상 편집 어플, Vlog 편집 배속 어플",동영상 플레이어/편집기,네이버 웹툰 - Naver Webtoon,만화,AMAZE!,퍼즐,메가박스(MEGABOX),엔터테인먼트,코레일톡,여행 및 지역정보,V LIVE,엔터테인먼트,Adobe Photoshop Fix,사진,"피망 포커: 카지노 로얄 (7포커, 로우바둑이, 하이로우)",카지노,연예인 닮은꼴,tertainment,Rescue Cut - Rope Puzzle,,네이버 클라우드 - NAVER Cloud,생산성,,,,,,,,,,,,
115,심쿵 소개팅 - 동네 이성친구 사귀기,소셜,게임이망했다 : 세로로하는RPG게임,롤플레잉,FIFA 축구,스포츠,손오공디펜스,전략,"당연시 - 당신도 연애를 시작할 때♡, 미팅/소개팅/동네 친구 찾기",소셜,프렌즈팝콘,퍼즐,Marvel 올스타 배틀,액션,오크: 종족의 계승자,롤플레잉,모바일 레전드: Bang Bang,액션,랜덤 다이스(Random Dice) : PvP 디펜스,전략,소녀전선,롤플레잉,게임빌프로야구 슈퍼스타즈,스포츠,,,,,,,,,,,,
116,히트맨 스나이퍼 (Hitman Sniper),액션,Don t Starve: Pocket Edition,어드벤처,Procreate Pocket,tertainment,Kingdom Rush Origins,전략,Hidden Folks,venture,Doodle Jump,아케이드,Phone Doctor Plus,도구,Age of Civilizations II,전략,Amazing Frog?,tion,Splendor,보드,위플 가계부,nance,CHRONO TRIGGER (Upgrade Ver.),롤플레잉,,,,,,,,,,,,
117,FLO – 플로,음악/오디오,아이디어스(idus) - 핸드메이드/수공예 장터,쇼핑,손오공디펜스,전략,알바몬 맞춤알바,"비즈니스
  (일 경과)",브롤스타즈,액션,"VLLO (구 Vimo / 비모) - 동영상 편집 어플, Vlog 편집 배속 어플",동영상 플레이어/편집기,알바천국- 알바 구인구직 포털서비스,비즈니스,"아이돌챔프 - 쇼챔피언, 아이돌투표, 팬덤, 아이돌",엔터테인먼트,"야놀자 - 국내 및 해외 호텔, 모텔, 펜션, 게하, 레저/티켓, 최대 80% 할인",여행 및 지역정보,롯데월드 어드벤처,엔터테인먼트,카카오페이,금융,아이디어스(idus) - 핸드메이드/수공예 장터,쇼핑,,,,,,,,,,,,
118,천사성역,롤플레잉,YouTube Music,음악/오디오,라그나로크M: 시즌2 빛과 그림자,롤플레잉,붕괴3rd,액션,블리치 - 사신 격투,롤플레잉,로드 모바일: 제국의 전쟁 - MMORPG,전략,라이프애프터,어드벤처,"당연시 - 당신도 연애를 시작할 때♡, 미팅/소개팅/동네 친구 찾기",소셜,YouTube Music,음악/오디오,YouTube Music,음악/오디오,아만다: 눈 높아도 괜찮은 프리미엄 소개팅,소셜,퍼즐앤드래곤,퍼즐,,,,,,,,,,,,
119,Procreate Pocket,tertainment,Florence,퍼즐,ProCam 2 - 카메라와 사진 / 동영상 에디터,oto & Video,Puffin Browser Pro,커뮤니케이션,MONG LI,oto & Video,Rusty Lake Paradise KR,venture,던전공주,롤플레잉,Afterlight 2,oto & Video,ProCam 2 - 카메라와 사진 / 동영상 에디터,oto & Video,길고양이 이야기 : support edition,어드벤처,Rush Rally 3,자동차 경주,LumaFusion,oto & Video,,,,,,,,,,,,
120,THE CAMP 대국민 국군 소통 서비스,커뮤니케이션,뱅크샐러드,금융,[공식]고속버스 티머니,지도/내비게이션,"번개장터 - 모바일 최대 중고마켓 앱(중고나라,중고차)",쇼핑,모바일 관세청,비즈니스,롯데시네마,엔터테인먼트,NH스마트뱅킹,금융,wavve(웨이브) - 재미의 파도를 타다!,엔터테인먼트,브롤스타즈,액션,SSGPAY - 혜택 위의 혜택,금융,Merge Airships,,불편함-불편경험 판매플랫폼,cial Networking,,,,,,,,,,,,
121,러브앤프로듀서,롤플레잉,V LIVE,엔터테인먼트,앙톡 - 랜덤채팅 친구와 채팅하자,cial Networking,Guns of Glory: 왕을 위한 장대한 군대 구축,전략,"캠톡S - 화상채팅,영상채팅",커뮤니케이션,Idle Heroes - 아이들 히어로즈,롤플레잉,"VLLO (구 Vimo / 비모) - 동영상 편집 어플, Vlog 편집 배속 어플",동영상 플레이어/편집기,밀리의 서재 - 독서와 무제한 친해지리,도서/참고자료,소녀전선,롤플레잉,"스픽 (Speak): 영어회화, 스피킹, 발음",교육,라스트오리진,롤플레잉,뮤오리진2,롤플레잉,,,,,,,,,,,,
122,던전메이커,전략,Procreate Pocket,tertainment,포모도로,oductivity,Terraria,어드벤처,Kingdom Rush Origins,전략,스왐피(Swampy) Where Is My Water?,퍼즐,Ys Chronicles 1,어드벤처,위플 가계부,nance,Bloons TD 6,전략,Cute Emoticon Keyboard,cial Networking,NightCap Pro,oto & Video,Kingdom Rush Frontiers,전략,,,,,,,,,,,,
123,SERIES - 네이버 시리즈,도서/참고자료,"미세미세 - 미세먼지, WHO기준, 알람, 위젯, 날씨, 지도",날씨,Zodiac Master Plus - Palm Scan,festyle,카카오맵 - 대한민국 No.1 지도앱 ( 지도 / 내비게이션 / 대중교통 / 로드뷰 ),여행 및 지역정보,"여기어때 - 호텔, 모텔, 펜션, 캠핑, 게하, 액티비티 최저가 예약!",여행 및 지역정보,[공식]고속버스 티머니,지도/내비게이션,홈플러스 더 클럽,쇼핑,"직방 - 2,800만명이 선택한 No.1 부동산 앱(아파트,분양,원룸,오피스텔,빌라,상가)",부동산/홈 인테리어,"SBS - 온에어, VOD 7만편 무료",동영상 플레이어/편집기,[공식]시외버스 티머니,지도/내비게이션,T world,라이프스타일,Nonogram.com - 노노그램 클래식 게임,ard,,,,,,,,,,,,
124,그랜드체이스,롤플레잉,프렌미,데이트,파이널 판타지 XV: 새로운 제국 [Final Fantasy XV],전략,브라운더스트 - 9vs9 턴제 PvP,롤플레잉,Idle Heroes - 아이들 히어로즈,롤플레잉,에픽세븐,롤플레잉,"스와이프 - 세상의 모든 만남, 소개팅앱 1위!",라이프스타일,심쿵 소개팅 - 동네 이성친구 사귀기,소셜,"VLLO (구 Vimo / 비모) - 동영상 편집 어플, Vlog 편집 배속 어플",동영상 플레이어/편집기,컴투스프로야구매니저,스포츠,드래곤캠프 (Merge Dragons!),퍼즐,Minecraft,아케이드,,,,,,,,,,,,
125,Splendor,보드,후엠아이: 도로시 이야기,시뮬레이션,TouchRetouch,사진,던전 서바이벌,롤플레잉,LumaFusion,oto & Video,서울 2033 : 후원자,어드벤처,Ys Chronicles II,롤플레잉,Rush Rally 3,자동차 경주,Procreate Pocket,tertainment,AnyFont,ilities,Analog Portland,oto & Video,Getting Over It with Bennett Foddy,시뮬레이션,,,,,,,,,,,,
126,지니 뮤직 - genie,음악/오디오,탈출 게임 The Little Prince,어드벤처,"번개장터 - 모바일 최대 중고마켓 앱(중고나라,중고차)",쇼핑,[공식]시외버스 티머니,지도/내비게이션,[공식]고속버스 티머니,지도/내비게이션,HS VPN – 사생활 웹 브라우징," (일 경과)
-

","호텔스닷컴: 최저가 객실, 호텔, 펜션 리조트를 최고 평점 숙박 어플로 예약하세요",여행 및 지역정보,네이버 클라우드 - NAVER Cloud,생산성,"여기어때 - 호텔, 모텔, 펜션, 캠핑, 게하, 액티비티 최저가 예약!",여행 및 지역정보,"여기어때 - 호텔, 모텔, 펜션, 캠핑, 게하, 액티비티 최저가 예약!",여행 및 지역정보,판타지타운,캐주얼 게임,Google,도구,,,,,,,,,,,,
127,Analog Brooklyn,oto & Video,붕괴3rd,액션,위피 - 동네 친구가 필요할 때,소셜,삼국지킹덤디펜스,전략,모바일 레전드: Bang Bang,액션,펜타스톰,액션,"캠톡S - 화상채팅,영상채팅",커뮤니케이션,제5인격,어드벤처,Toon Blast,퍼즐,라이프애프터,어드벤처,컴투스프로야구매니저,스포츠,YouTube Music,음악/오디오,,,,,,,,,,,,
128,위플 가계부,nance,Mi Band Master,alth & Fitness,Rush Rally 3,자동차 경주,Rusty Lake Hotel KR,venture,Sword Of Xolan,액션,Moment - Pro Camera,oto & Video,Getting Over It with Bennett Foddy,시뮬레이션,Bloons TD 6,전략,세븐데이즈 - 라이트 노벨 어드벤처 .스토리 선택 게임,어드벤처,Moment - Pro Camera,oto & Video,PL@Y - 프리미엄 티켓북,festyle,BADLAND,어드벤처,,,,,,,,,,,,
129,알바천국- 알바 구인구직 포털서비스,비즈니스,지니 뮤직 - genie,음악/오디오,아이디어스(idus) - 핸드메이드/수공예 장터,쇼핑,캐치 히어로즈 - Catch Heroes,엔터테인먼트,CJ ONE,라이프스타일,인천e음,금융,메가박스(MEGABOX),엔터테인먼트,쿠팡이츠 - 맛있는 음식을 빠르고 편하게,식음료,Fill In 3D," (일 경과)
-

",APT2you,부동산/홈 인테리어,"티빙(TVING) - 실시간TV, 방송VOD, 영화VOD",동영상 플레이어/편집기,다이소 멤버십,라이프스타일,,,,,,,,,,,,
130,에픽세븐,롤플레잉,열렙전사:방치형RPG with NAVER WEBTOON,롤플레잉,레이더스,롤플레잉,라그나로크M: 시즌2 빛과 그림자,롤플레잉,디즈니팝,퍼즐,YouTube Music,음악/오디오,YouTube Music,음악/오디오,대항해의길,시뮬레이션,클래시 로얄,전략,Toon Blast,퍼즐,신삼국지 모바일-코에이 테크모 인증,전략,"피망 포커: 카지노 로얄 (7포커, 로우바둑이, 하이로우)",카지노,,,,,,,,,,,,
131,보안카드 위젯 - 계좌이체를 빠르고 편리하게,nance,마녀의 샘3,롤플레잉,Aerofly FS 2019,cing,Splendor,보드,Don t Starve: Pocket Edition,어드벤처,지겨워하지마: VIP (방치형 RPG 게임),롤플레잉,"하루 계획표, 학교종이",festyle,Notability,oductivity,PL@Y - 프리미엄 티켓북,festyle,ProCam 2 - 카메라와 사진 / 동영상 에디터,oto & Video,Muscle Premium,의료,DRAGON QUEST,롤플레잉,,,,,,,,,,,,
132,메가박스(MEGABOX),엔터테인먼트,"Free VPN by VPN Master- Proxy VPN client for WiFi hotspot security, unblock sites, and privacy prote",oductivity,피버 바스켓,스포츠,MARVEL 퓨처파이트,롤플레잉,V LIVE,엔터테인먼트,[공식]시외버스 티머니,지도/내비게이션,배틀그라운드,액션,잼라이브 (JAM LIVE) - 라이브 예능&쇼핑,엔터테인먼트,"피터팬의좋은방구하기-원룸,투룸,원룸텔,쉐어하우스 수수료 없는 부동산 No.1",부동산/홈 인테리어,네이버 주소록 & 다이얼 - Naver Contacts,도구,"여기어때 - 호텔, 모텔, 펜션, 캠핑, 게하, 액티비티 최저가 예약!",여행 및 지역정보,지니 뮤직 - genie,음악/오디오,,,,,,,,,,,,
133,모바일 레전드: Bang Bang,액션,프렌즈팝콘,퍼즐,프렌미,데이트,2079 게이트식스,롤플레잉,정오의 데이트,소셜,Toon Blast,퍼즐,심쿵 소개팅 - 동네 이성친구 사귀기,소셜,Black Angel,롤플레잉,드래곤캠프 (Merge Dragons!),퍼즐,아이러브니키,시뮬레이션,콜 오브 듀티: 모바일,액션,"당연시 - 당신도 연애를 시작할 때♡, 미팅/소개팅/동네 친구 찾기",소셜,,,,,,,,,,,,
134,Monument Valley 2,퍼즐,STAY: Are you there?,venture,Nexomon,le Playing,Word master 워드마스터 수능 2000(개정),교육,"지피지기 (사주,운세,궁합,토정비결,이름,해몽)",라이프스타일,세븐데이즈 - 라이트 노벨 어드벤처 .스토리 선택 게임,어드벤처,Hidden Folks,venture,Amazing Frog?,tion,60 Seconds! Atomic Adventure,어드벤처,LumaFusion,oto & Video,Analog Beijing,oto & Video,Streaks,alth & Fitness,,,,,,,,,,,,
135,지그재그 - No.1 여성쇼핑몰 모음앱,쇼핑,탈출 게임 For you,venture,"폴라리스 오피스 - 무료 한글, 오피스 문서 + PDF,  텍스트 뷰어",생산성,지니 뮤직 - genie,음악/오디오,스타벅스,엔터테인먼트,Google,도구,THE CAMP 대국민 국군 소통 서비스,커뮤니케이션,"티빙(TVING) - 실시간TV, 방송VOD, 영화VOD",동영상 플레이어/편집기,롯데홈쇼핑 – 롯데 ON,쇼핑,Google 포토,사진,롯데시네마,엔터테인먼트,CJ ONE,라이프스타일,,,,,,,,,,,,
136,풍신,롤플레잉,"사진 편집, 영상 편집,  콜라주 메이커를 하나로! 세계 유일의 어플, Instasize",사진,손오공디펜스,전략,앙톡 - 랜덤채팅 친구와 채팅하자,cial Networking,앙톡 - 랜덤채팅 친구와 채팅하자,cial Networking,DRAGON BALL LEGENDS -드래곤 볼 레전즈-,액션,eFootball PES 2020,스포츠,하스스톤,카드,삼국지:디펜스의 신,전략,"VLLO (구 Vimo / 비모) - 동영상 편집 어플, Vlog 편집 배속 어플",동영상 플레이어/편집기,YouTube Music,음악/오디오,Pokémon GO,어드벤처,,,,,,,,,,,,
137,Bloons TD 5,전략,Folaroid,oto & Video,서울 2033 : 후원자,어드벤처,마녀의 샘3,롤플레잉,Streaks,alth & Fitness,The Room: Old Sins,퍼즐,던전메이커,전략,온더훅 : 더 얼티밋 패트론 에디션,시뮬레이션,Cytus,아케이드,Time Timer,oductivity,아이언 마린 (Iron Marines),전략,Monument Valley 2,퍼즐,,,,,,,,,,,,
138,화해 - 6년 연속 1위 화장품 앱,뷰티,PicsArt Photo Editor: 콜라주 메이커 & 사진 편집기,사진,PicsArt Photo Editor: 콜라주 메이커 & 사진 편집기,사진,열혈 삼국지-창의적인  방치형 캐주얼 모바일 게임,rd,위메프 - 특가대표 (특가 / 쇼핑 / 쇼핑앱 / 쿠폰 / 배송),쇼핑,Puffin Web Browser,커뮤니케이션,"Grab - Transport, Food Delivery, Payments",지도/내비게이션,"AliExpress - 스마트한쇼핑, 더즐거운생활",쇼핑,SERIES - 네이버 시리즈,도서/참고자료,KB국민 앱카드,금융,운전면허 PLUS - 운전면허필기시험 (최신판 100%무료),교육,KB국민은행 스타뱅킹,금융,,,,,,,,,,,,
139,페이트/그랜드 오더,롤플레잉,FINAL FANTASY BRAVE EXVIUS,le Playing,프렌즈마블,보드,레이드: 그림자의 전설,롤플레잉,DRAGON BALL Z 폭렬격전,액션,클론다이크 어드벤처,시뮬레이션,마피아 시티,전략,원피스 트레저 크루즈,롤플레잉,꿈의 마을 (Township),캐주얼 게임,프렌즈타운,퍼즐,이터:던전의 포식자,롤플레잉,"캠톡S - 화상채팅,영상채팅",커뮤니케이션,,,,,,,,,,,,
140,Portal Knights,어드벤처,친일인명사전,도서/참고자료,Just Press Record: Voice and Audio Recorder with Automatic Sync,ilities,Poly Bridge,zzle,Rush Rally 3,자동차 경주,The Gardens Between,zzle,ProCam 2 - 카메라와 사진 / 동영상 에디터,oto & Video,Shadow Of Death: Premium Games,le Playing,FondFont: Install System Fonts,ilities,레이튼 교수와 이상한 마을 HD,어드벤처,마녀의 샘,롤플레잉,GRIS,venture,,,,,,,,,,,,
141,"트립닷컴 - 전 세계 항공권, 호텔, 기차표 & 액티비티 특가 예약, 블록버스터급 여행앱",여행 및 지역정보,THE CAMP 대국민 국군 소통 서비스,커뮤니케이션,T world,라이프스타일,다이소 멤버십,라이프스타일,알바몬 맞춤알바,"비즈니스
  (일 경과)",콴다 - 400만 다운로드 수학 공부앱,교육,브랜디 - 여성들의 쇼핑맛집,쇼핑,알바몬 맞춤알바,"비즈니스
  (일 경과)",아프리카TV - AfreecaTV,동영상 플레이어/편집기,"PAYCO - 페이코, 혜택까지 똑똑한 간편결제",라이프스타일,i-ONE Bank - IBK기업은행,금융,CGV,엔터테인먼트,,,,,,,,,,,,
142,앙상블스타즈,시뮬레이션,파이널 판타지 XV: 새로운 제국 [Final Fantasy XV],전략,사무라이 쇼다운M(12),롤플레잉,Idle Heroes - 아이들 히어로즈,롤플레잉,YouTube Music,음악/오디오,FIFA 축구,스포츠,DRAGON BALL Z 폭렬격전,액션,VPN Tube – 익병 브라우징," (일 경과)
-

","Bigo Live (비고라이브) – 라이브방송, 영상채팅",소셜,이터:던전의 포식자,롤플레잉,정오의 데이트,소셜,마피아42,전략,,,,,,,,,,,,
143,Kingdom Rush Frontiers,전략,ilSang Bom - DSLR 필터 카메라,oto & Video,온천골 스토리,캐주얼 게임,Reigns,카드,턴제 SRPG - 세번째기적,롤플레잉,마왕신부 -스토리 버전-,mulation,Ski Safari,아케이드,Ski Safari 2,아케이드,비디오 다이어트 - 동영상을 압축해서 메모리 절감!,ilities,Bloons TD 5,전략,Bloons TD 5,전략,Notability,oductivity,,,,,,,,,,,,
144,캐시워크 - 적립형 만보기 첫화면,건강/운동,KB국민은행 스타뱅킹,금융,TheDayBefore (디데이 위젯),라이프스타일,Crowd City,아케이드,네이버 웹툰 - Naver Webtoon,만화,타다,지도/내비게이션,젝시믹스 XEXYMIX,쇼핑,서울스토어,쇼핑,스타일쉐어 - 신상 옷과 화장품 후기가 한 자리에,쇼핑,T멤버십,라이프스타일,wavve(웨이브) - 재미의 파도를 타다!,엔터테인먼트,모바일 관세청,비즈니스,,,,,,,,,,,,
145,위닝일레븐 클럽 매니저,스포츠,삼국지 조운장군전 - 캐주얼 전략 RPG 게임,롤플레잉,펜타스톰,액션,프렌미,데이트,Z Day: 영웅 전략 전쟁 | 군대 생존 MMO,전략,SERIES ON - 네이버 시리즈 ON,동영상 플레이어/편집기,아리엘,롤플레잉,eFootball PES 2020,스포츠,"포스텔러 - 신년운세, 무료운세, 사주, 타로, 궁합, 토정비결, 별자리, 손금, 풍수",엔터테인먼트,러브앤프로듀서,롤플레잉,트라하,롤플레잉,피망 뉴맞고 : 고스톱으로 대한민국 1등,카드,,,,,,,,,,,,
146,Muse Dash,음악,"금연 매니저 : 체계적인 운동, 음주, 흡연 관리",alth & Fitness,ProCamera 8 + HDR,oto & Video,Speater (구간반복 어학기 - 노래/음악/동영상/영화/미드 ),ucation,Phone Doctor Plus,도구,Monument Valley 2,퍼즐,한국사 능력,ucation,Alook 브라우저 - 2 배속,ilities,영화공방 스토리,시뮬레이션,Beholder,어드벤처,삼국지 한말패업,전략,Don t Starve: Pocket Edition,어드벤처,,,,,,,,,,,,
147,Foodie 푸디 - 일상을 맛있게,사진,T world,라이프스타일,롯데시네마,엔터테인먼트,T멤버십,라이프스타일,LIFEPLUS,라이프스타일,V LIVE,엔터테인먼트,지그재그 - No.1 여성쇼핑몰 모음앱,쇼핑,지그재그 - No.1 여성쇼핑몰 모음앱,쇼핑,Gmail,커뮤니케이션,카카오페이지 KakaoPage,도서/참고자료,해피포인트,라이프스타일,국세청 홈택스,도구,,,,,,,,,,,,
148,앙톡 - 랜덤채팅 친구와 채팅하자,cial Networking,앙톡 - 랜덤채팅 친구와 채팅하자,cial Networking,캔디크러쉬사가,캐주얼 게임,다크에덴M,롤플레잉,프렌즈팝콘,퍼즐,maybe-메이비:내가 만드는 이야기,시뮬레이션,엠파이어 & 퍼즐 (Empires & Puzzles),롤플레잉,"캠톡S - 화상채팅,영상채팅",커뮤니케이션,로한M,롤플레잉,"포스텔러 - 신년운세, 무료운세, 사주, 타로, 궁합, 토정비결, 별자리, 손금, 풍수",엔터테인먼트,에픽세븐,롤플레잉,Toon Blast,퍼즐,,,,,,,,,,,,
149,Feica Praha,oto & Video,"위플 해빗 (Habit) - 습관 관리, 목표 달성, To-Do",oductivity,Streaks,alth & Fitness,Monument Valley 2,퍼즐,어썸노트 (일정관리/캘린더/할일/다이어리/음력),oductivity,전국닌자 스토리,아케이드,GoodNotes 5,oductivity,Sky Guide: View Stars Night or Day,ference,ProCamera 8 + HDR,oto & Video,Procreate Pocket,tertainment,Cute Emoticon Keyboard,cial Networking,FiLMiC Pro: 프로 HD 수동 비디오 카메라 어플,사진,,,,,,,,,,,,
