﻿,19_1,19_1_gen,19_2,19_2_gen,19_3,19_3_gen,19_4,19_4_gen,19_5,19_5_gen,19_6,19_6_gen,19_7,19_7_gen,19_8,19_8_gen,19_9,19_9_gen,19_10,19_10_gen,19_11,19_11_gen,19_12,19_12_gen,20_1,20_1_gen,20_2,20_2_gen,20_3,20_3_gen,20_4,20_4_gen,20_5,20_5_gen,20_6,20_6_gen
0,유니콘:광고차단 필수 앱,생산성,유니콘:광고차단 필수 앱,생산성,유니콘:광고차단 필수 앱,생산성,SOVS 소브스 - 구도 카메라,사진,SOVS 소브스 - 구도 카메라,사진,@picn2k camera (피크닉 카메라),사진,SOVS 소브스 - 구도 카메라,사진,CamScanner (License),생산성,유니콘:광고차단 필수 앱,생산성,@picn2k camera (피크닉 카메라),사진,Human Anatomy Atlas 2020: Complete 3D Human Body,의료,Nova Launcher Prime,맞춤 설정,@yoojinkim camera,사진,Noteshelf — Note Taking | Handwritten | PDF Markup,생산성,Noteshelf — Note Taking | Handwritten | PDF Markup,생산성,Noteshelf — Note Taking | Handwritten | PDF Markup,생산성,Noteshelf — Note Taking | Handwritten | PDF Markup,생산성,Noteshelf — Note Taking | Handwritten | PDF Markup,생산성
1,Tasker,도구,Puffin Browser Pro,커뮤니케이션,SOVS 소브스 - 구도 카메라,사진,유니콘:광고차단 필수 앱,생산성,유니콘:광고차단 필수 앱,생산성,SOVS 소브스 - 구도 카메라,사진,Samsung Notes,생산성,"T연락처 - 주소록 실시간 백업, 114 검색",도구,(New) 우리은행 우리WON뱅킹,금융,SNOW 스노우,사진,토스,금융,Netflix(넷플릭스),엔터테인먼트,유니콘:광고차단 필수 앱,생산성,유니콘:광고차단 필수 앱,생산성,유니콘:광고차단 필수 앱,생산성,유니콘:광고차단 필수 앱,생산성,유니콘:광고차단 필수 앱,생산성,유니콘:광고차단 필수 앱,생산성
2,갓피플성경,도서/참고자료,nPlayer,동영상 플레이어/편집기,무음모드 (순정 무음카메라),도구,Puffin Browser Pro,커뮤니케이션,nPlayer,동영상 플레이어/편집기,유니콘:광고차단 필수 앱,생산성,"아자르 Azar -라이브로 친구찾기, 영상메신저",커뮤니케이션,위버스 - Weverse,소셜,위피 - 동네 친구가 필요할 때,소셜,V LIVE,엔터테인먼트,왓챠플레이,엔터테인먼트,왓챠플레이,엔터테인먼트,갓피플성경,도서/참고자료,갓피플성경,도서/참고자료,갓피플성경,도서/참고자료,@picn2k camera (피크닉 카메라),사진,갓피플성경,도서/참고자료,갓피플성경,도서/참고자료
3,nPlayer,동영상 플레이어/편집기,LectureNotes,생산성,Puffin Browser Pro,커뮤니케이션,nPlayer,동영상 플레이어/편집기,Puffin Browser Pro,커뮤니케이션,nPlayer,동영상 플레이어/편집기,갓피플성경,도서/참고자료,SOVS 소브스 - 구도 카메라,사진,LectureNotes,생산성,LectureNotes,생산성,갓피플성경,도서/참고자료,갓피플성경,도서/참고자료,Plague Inc. (전염병 주식회사): 시나리오 제작기,생산성,nPlayer,동영상 플레이어/편집기,nPlayer,동영상 플레이어/편집기,한컴오피스 한글,비즈니스,@yoojinkim camera,사진,@picn2k camera (피크닉 카메라),사진
4,LectureNotes,생산성,갓피플성경,도서/참고자료,nPlayer,동영상 플레이어/편집기,심플 갤러리 Pro,사진,갓피플성경,도서/참고자료,영화보며 영어공부 - 배속재생 미플레이어무비프로 어학용 동영상 플레이어,교육,삼성 음성 녹음,도구,V3 Mobile Plus 2.0,도구,스마트주택금융,금융,KB국민은행 스타뱅킹,금융,(New) 우리은행 우리WON뱅킹,금융,당근마켓 - 우리 동네 중고 직거래 벼룩장터,쇼핑,우와! 2.0 - 화면을 깨고 동전이 나오는 마술앱2,엔터테인먼트,MX 플레이어 Pro,동영상 플레이어/편집기,한컴오피스 한글,비즈니스,갓피플성경,도서/참고자료,nPlayer,동영상 플레이어/편집기,한컴오피스 한글,비즈니스
5,AirBuds Popup - airpod battery app,음악/오디오,픽테일 - Limited Edition,사진,갓피플성경,도서/참고자료,무음모드 (순정 무음카메라),도구,MX 플레이어 Pro,동영상 플레이어/편집기,MX 플레이어 Pro,동영상 플레이어/편집기,왓챠플레이,엔터테인먼트,심쿵 소개팅 - 동네 이성친구 사귀기,소셜,심쿵 소개팅 - 동네 이성친구 사귀기,소셜,왓챠플레이,엔터테인먼트,"아자르 Azar -라이브로 친구찾기, 영상메신저",커뮤니케이션,하쿠나 라이브 -  Live 방송,엔터테인먼트,LectureNotes,생산성,무음무음 PRO,사진,@picn2k camera (피크닉 카메라),사진,nPlayer,동영상 플레이어/편집기,한컴오피스 한글,비즈니스,nPlayer,동영상 플레이어/편집기
6,MX 플레이어 Pro,동영상 플레이어/편집기,Tasker,도구,MX 플레이어 Pro,동영상 플레이어/편집기,MX 플레이어 Pro,동영상 플레이어/편집기,무음모드 (순정 무음카메라),도구,Puffin Browser Pro,커뮤니케이션,nPlayer,동영상 플레이어/편집기,nPlayer,동영상 플레이어/편집기,갓피플성경,도서/참고자료,갓피플성경,도서/참고자료,@picn2k camera (피크닉 카메라),사진,영화보며 영어공부 - 배속재생 미플레이어무비프로 어학용 동영상 플레이어,교육,@picn2k camera (피크닉 카메라),사진,LectureNotes,생산성,"Twomon SE (투몬 SE) - 휴대용 디스플레이, USB 모니터",생산성,MX 플레이어 Pro,동영상 플레이어/편집기,@picn2k camera (피크닉 카메라),사진,MX 플레이어 Pro,동영상 플레이어/편집기
7,무음모드 (순정 무음카메라),도구,MX 플레이어 Pro,동영상 플레이어/편집기,LectureNotes,생산성,LectureNotes,생산성,AirBuds Popup - airpod battery app,음악/오디오,무음모드 (순정 무음카메라),도구,호갱노노,부동산/홈 인테리어,배달요기요,식음료,카카오톡 KakaoTalk,커뮤니케이션,Wish - 쇼핑은 즐겁다,쇼핑,에이블리 - 셀럽마켓 모음앱,쇼핑,배달의민족,식음료,nPlayer,동영상 플레이어/편집기,Live Wallpapers by Wave,맞춤 설정,MX 플레이어 Pro,동영상 플레이어/편집기,Torque Pro (OBD2 / 자동차),커뮤니케이션,"Twomon SE (투몬 SE) - 휴대용 디스플레이, USB 모니터",생산성,USB Audio Player PRO,음악/오디오
8,아날로그 필름 - 옛 향수 가득한 전문가용 사진 필터 앱!,사진,무음모드 (순정 무음카메라),도구,Tasker,도구,AirBuds Popup - airpod battery app,음악/오디오,LectureNotes,생산성,갓피플성경,도서/참고자료,Google One,생산성,정오의 데이트,소셜,Google One,생산성,"아자르 Azar -라이브로 친구찾기, 영상메신저",커뮤니케이션,정오의 데이트,소셜,심쿵 소개팅 - 동네 이성친구 사귀기,소셜,MX 플레이어 Pro,동영상 플레이어/편집기,Plague Inc. (전염병 주식회사): 시나리오 제작기,생산성,무음무음 PRO,사진,Word master 워드마스터 수능 2000(18개정),교육,MX 플레이어 Pro,동영상 플레이어/편집기,Torque Pro (OBD2 / 자동차),커뮤니케이션
9,Nova Launcher Prime,맞춤 설정,한컴오피스 한글,비즈니스,픽테일 - Limited Edition,사진,갓피플성경,도서/참고자료,픽테일 - Limited Edition,사진,LectureNotes,생산성,LectureNotes,생산성,갓피플성경,도서/참고자료,MX 플레이어 Pro,동영상 플레이어/편집기,MX 플레이어 Pro,동영상 플레이어/편집기,무음모드 (순정 무음카메라),도구,LectureNotes,생산성,Flashcards Deluxe,교육,한컴오피스 한글,비즈니스,LectureNotes,생산성,"Twomon SE (투몬 SE) - 휴대용 디스플레이, USB 모니터",생산성,Velo VPN Pro,도구,"Twomon SE (투몬 SE) - 휴대용 디스플레이, USB 모니터",생산성
10,ONE UI Icon Pack,맞춤 설정,Aa너구리굴림™ 한국어 Flipfont,맞춤 설정,"케이웨더 날씨Pro(기상청 날씨, 미세먼지, 실내공기)",날씨,µTorrent® Pro - Torrent App,동영상 플레이어/편집기,µTorrent® Pro - Torrent App,동영상 플레이어/편집기,토익 PART5 종결자,교육,TikTok 틱톡,동영상 플레이어/편집기,쿠팡 (Coupang),쇼핑,Samsung Smart Switch Mobile,도구,어카운트인포-계좌정보통합관리,금융,당근마켓 - 우리 동네 중고 직거래 벼룩장터,쇼핑,네이버 - NAVER,도서/참고자료,Word master 워드마스터 수능 2000(18개정),교육,@picn2k camera (피크닉 카메라),사진,Panda Gamepad Pro (BETA),도구,WolframAlpha,도서/참고자료,무음무음 PRO,사진,Puffin Browser Pro,커뮤니케이션
11,픽테일 - Limited Edition,사진,AirBuds Popup - airpod battery app,음악/오디오,Nova Launcher Prime,맞춤 설정,픽테일 - Limited Edition,사진,한컴오피스 한글,비즈니스,AirBuds Popup - airpod battery app,음악/오디오,심쿵 소개팅 - 동네 이성친구 사귀기,소셜,스카이피플 (스피) : 서울대생이 만든 인증을 통한 안전한 소개팅 + 직장인 익명 커뮤니티,데이트,"Twitch: 리그 오브 레전드, Hearthstone, MMO 게임 스트리밍 라이브 시청",엔터테인먼트,Google One,생산성,심쿵 소개팅 - 동네 이성친구 사귀기,소셜,"Twitch: 리그 오브 레전드, Hearthstone, MMO 게임 스트리밍 라이브 시청",엔터테인먼트,한컴오피스 한글,비즈니스,Puffin Browser Pro,커뮤니케이션,Puffin Browser Pro,커뮤니케이션,무음모드 PRO (기본 카메라 무음),사진,Torque Pro (OBD2 / 자동차),커뮤니케이션,무음무음 PRO,사진
12,터치매크로-자동터치,도구,Nova Launcher Prime,맞춤 설정,터치매크로-자동터치,도구,Nova Launcher Prime,맞춤 설정,Watch Face -WatchMaker Premium for Android Wear OS,맞춤 설정,"편한가계부 (+음성, PC)",금융,토익 PART5 종결자,교육,MX 플레이어 Pro,동영상 플레이어/편집기,한컴오피스 한글,비즈니스,한컴오피스 한글,비즈니스,MX 플레이어 Pro,동영상 플레이어/편집기,한컴오피스 한글,비즈니스,무음무음 PRO,사진,무음모드 (순정 무음카메라),도구,이지 보이스 레코더 프로,생산성,LectureNotes,생산성,LectureNotes,생산성,WolframAlpha,도서/참고자료
13,구닥,사진,터치매크로-자동터치,도구,무음모드 PRO (기본 카메라 무음),사진,Watch Face -WatchMaker Premium for Android Wear OS,맞춤 설정,Tasker,도구,한컴오피스 한글,비즈니스,배달의민족,식음료,T map - 내비게이션 / 지도,지도/내비게이션,V3 Mobile Plus 2.0,도구,Instagram,소셜,트립스토어 - 해외 패키지 & 에어텔 특가 비교,여행 및 지역정보,"네이버 지도, 내비게이션",여행 및 지역정보,Aa문라이즈™ 한국어 Flipfont,맞춤 설정,Word master 워드마스터 수능 2000(18개정),교육,Word master 워드마스터 수능 2000(18개정),교육,Panda Gamepad Pro (BETA),도구,Tasker,도구,Panda Gamepad Pro (BETA),도구
14,Aa너구리굴림™ 한국어 Flipfont,맞춤 설정,Poweramp Full Version Unlocker,음악/오디오,한컴오피스 한글,비즈니스,VivaVideo PRO 비디오 편집 HD,동영상 플레이어/편집기,토익 PART5 종결자,교육,픽테일 - Limited Edition,사진,"Twitch: 리그 오브 레전드, Hearthstone, MMO 게임 스트리밍 라이브 시청",엔터테인먼트,아만다: 눈 높아도 괜찮은 프리미엄 소개팅,소셜,스카이피플 (스피) : 서울대생이 만든 인증을 통한 안전한 소개팅 + 직장인 익명 커뮤니티,데이트,하쿠나 라이브 -  Live 방송,엔터테인먼트,"Bigo Live (비고라이브) – 라이브방송, 영상채팅",소셜,V LIVE,엔터테인먼트,Torque Pro (OBD2 / 자동차),커뮤니케이션,토익 PART5 종결자,교육,DroidCamX Wireless Webcam Pro,도구,DroidCamX Wireless Webcam Pro,도구,USB Audio Player PRO,음악/오디오,"지피지기 (사주,운세,궁합,토정비결,이름,해몽)",라이프스타일
15,Photo Studio PRO,사진,Aa십육살™ 한국어 Flipfont,맞춤 설정,Watch Face -WatchMaker Premium for Android Wear OS,맞춤 설정,Torque Pro (OBD2 / 자동차),커뮤니케이션,터치매크로-자동터치,도구,Torque Pro (OBD2 / 자동차),커뮤니케이션,무음모드 (순정 무음카메라),도구,Moon+ Reader Pro,도서/참고자료,@picn2k camera (피크닉 카메라),사진,USB Audio Player PRO,음악/오디오,nPlayer,동영상 플레이어/편집기,Moon+ Reader Pro,도서/참고자료,Puffin Browser Pro,커뮤니케이션,"Twomon SE (투몬 SE) - 휴대용 디스플레이, USB 모니터",생산성,SOVS 소브스 - 구도 카메라,사진,Tasker,도구,Aa문라이즈™ 한국어 Flipfont,맞춤 설정,Word master 워드마스터 수능 2000(18개정),교육
16,한컴오피스 한글,비즈니스,친일인명사전,도서/참고자료,µTorrent® Pro - Torrent App,동영상 플레이어/편집기,한컴오피스 한글,비즈니스,Nova Launcher Prime,맞춤 설정,µTorrent® Pro - Torrent App,동영상 플레이어/편집기,V3 Mobile Plus 2.0,도구,타임커머스 티몬,쇼핑,"네이버 지도, 내비게이션",여행 및 지역정보,NH스마트뱅킹,금융,Samsung Smart Switch Mobile,도구,카카오톡 KakaoTalk,커뮤니케이션,토익 PART5 종결자,교육,Torque Pro (OBD2 / 자동차),커뮤니케이션,Tasker,도구,Puffin Browser Pro,커뮤니케이션,Puffin Browser Pro,커뮤니케이션,Tasker,도구
17,Aa십육살™ 한국어 Flipfont,맞춤 설정,어린이를 위한 그리기! 점선 따라 그리기!,교육,Torque Pro (OBD2 / 자동차),커뮤니케이션,터치매크로-자동터치,도구,Torque Pro (OBD2 / 자동차),커뮤니케이션,어린이를 위한 그리기! 점선 따라 그리기!,교육,아만다: 눈 높아도 괜찮은 프리미엄 소개팅,소셜,밀리의 서재 - 독서와 무제한 친해지리,도서/참고자료,글램 - 모든 매력적인 만남,데이트,스카이피플 (스피) : 서울대생이 만든 인증을 통한 안전한 소개팅 + 직장인 익명 커뮤니티,데이트,스카이피플 (스피) : 서울대생이 만든 인증을 통한 안전한 소개팅 + 직장인 익명 커뮤니티,데이트,스카이피플 (스피) : 서울대생이 만든 인증을 통한 안전한 소개팅 + 직장인 익명 커뮤니티,데이트,무음모드 (순정 무음카메라),도구,Aa문라이즈™ 한국어 Flipfont,맞춤 설정,Aa문라이즈™ 한국어 Flipfont,맞춤 설정,Aa문라이즈™ 한국어 Flipfont,맞춤 설정,Word master 워드마스터 수능 2000(18개정),교육,Aa문라이즈™ 한국어 Flipfont,맞춤 설정
18,Watch Face -WatchMaker Premium for Android Wear OS,맞춤 설정,Watch Face -WatchMaker Premium for Android Wear OS,맞춤 설정,Aa십육살™ 한국어 Flipfont,맞춤 설정,Tasker,도구,CamScanner (License),생산성,Aa너구리굴림™ 한국어 Flipfont,맞춤 설정,MarineTraffic ship positions,지도/내비게이션,Panda Gamepad Pro (BETA),도구,Nova Launcher Prime,맞춤 설정,토익 PART5 종결자,교육,Puffin Browser Pro,커뮤니케이션,무음무음 PRO,사진,Toca Hair Salon 3,교육,USB Audio Player PRO,음악/오디오,구닥,사진,Stellarium Mobile 하늘지도,교육,"아라-만화뷰어,텍스트뷰어,스캔뷰어,소설뷰어",만화,무음모드 (순정 무음카메라),도구
19,어린이를 위한 그리기! 점선 따라 그리기!,교육,구닥,사진,AirBuds Popup - airpod battery app,음악/오디오,Poweramp Full Version Unlocker,음악/오디오,AVStreamer - 고성능 원격제어,생산성,데이그램 - 하루 한줄 일기장,라이프스타일,배달요기요,식음료,Google Play 게임,엔터테인먼트,"카카오 T - 택시, 대리운전, 주차, 내비, 카풀, 바이크",지도/내비게이션,배달의민족,식음료,NH스마트뱅킹,금융,"카카오 T - 택시, 대리운전, 주차, 내비, 카풀, 바이크",지도/내비게이션,"편한가계부 (+음성, PC)",금융,"무음모드Pro - 무음 카메라, 도서관 카메라, 조용히, 침묵, 무음 셔터",사진,USB Audio Player PRO,음악/오디오,"책꽂이+ (독서기록, 도서관리)",도서/참고자료,Panda Gamepad Pro (BETA),도구,Hi-Fi Status(LG),음악/오디오
20,Torque Pro (OBD2 / 자동차),커뮤니케이션,Hi-Fi Status(LG),음악/오디오,Aa너구리굴림™ 한국어 Flipfont,맞춤 설정,어린이를 위한 그리기! 점선 따라 그리기!,교육,Aa십육살™ 한국어 Flipfont,맞춤 설정,Watch Face -WatchMaker Premium for Android Wear OS,맞춤 설정,글램 - 모든 매력적인 만남,데이트,Tinder 새로운 친구를 발견해봐,라이프스타일,Tinder 새로운 친구를 발견해봐,라이프스타일,"Bigo Live (비고라이브) – 라이브방송, 영상채팅",소셜,라인 플레이 – 전세계 No.1 패션 게임,소셜,"Bigo Live (비고라이브) – 라이브방송, 영상채팅",소셜,AirBuds Popup - airpod battery app,음악/오디오,Flashcards Deluxe,교육,WolframAlpha,도서/참고자료,무음무음 PRO,사진,Hi-Fi Status(LG),음악/오디오,구닥,사진
21,Poweramp Full Version Unlocker,음악/오디오,아날로그 필름 - 옛 향수 가득한 전문가용 사진 필터 앱!,사진,어린이를 위한 그리기! 점선 따라 그리기!,교육,USB Audio Player PRO,음악/오디오,Aa너구리굴림™ 한국어 Flipfont,맞춤 설정,Nova Launcher Prime,맞춤 설정,Aa너구리굴림™ 한국어 Flipfont,맞춤 설정,Nova Launcher Prime,맞춤 설정,AirBuds Popup - airpod battery app,음악/오디오,SOVS 소브스 - 구도 카메라,사진,SOVS 소브스 - 구도 카메라,사진,무음모드 (순정 무음카메라),도구,SOVS 소브스 - 구도 카메라,사진,Poweramp Full Version Unlocker,음악/오디오,@yoojinkim camera,사진,AlpineQuest Off-Road Explorer,여행 및 지역정보,WolframAlpha,도서/참고자료,LectureNotes,생산성
22,FocusTimer Pro - 공부 습관이 바뀌는 앱,생산성,Torque Pro (OBD2 / 자동차),커뮤니케이션,Poweramp Full Version Unlocker,음악/오디오,데이그램 - 하루 한줄 일기장,라이프스타일,VivaVideo PRO 비디오 편집 HD,동영상 플레이어/편집기,Poweramp Full Version Unlocker,음악/오디오,FaceApp,사진,Wish - 쇼핑은 즐겁다,쇼핑,어카운트인포-계좌정보통합관리,금융,배달요기요,식음료,쿠팡 (Coupang),쇼핑,TikTok Wall Picture,동영상 플레이어/편집기,Panda Gamepad Pro (BETA),도구,Panda Gamepad Pro (BETA),도구,토익 PART5 종결자,교육,TouchRetouch,사진,Aa어거스트™ 한국어 Flipfont,맞춤 설정,Magic DosBox,도구
23,Hi-Fi Status(LG),음악/오디오,FocusTimer Pro - 공부 습관이 바뀌는 앱,생산성,"Panda Keymapper 64bit -  Gamepad,mouse,keyboard",도구,Aa너구리굴림™ 한국어 Flipfont,맞춤 설정,노트 카톡테마 - 심플 카톡테마 8.0.0,엔터테인먼트,Tasker,도구,"Bigo Live (비고라이브) – 라이브방송, 영상채팅",소셜,"스와이프 - 세상의 모든 만남, 소개팅앱 1위!",라이프스타일,라인 플레이 – 전세계 No.1 패션 게임,소셜,아만다: 눈 높아도 괜찮은 프리미엄 소개팅,소셜,Tinder 새로운 친구를 발견해봐,라이프스타일,Tinder 새로운 친구를 발견해봐,라이프스타일,구닥,사진,"책꽂이+ (독서기록, 도서관리)",도서/참고자료,Toca Hair Salon 3,교육,USB Audio Player PRO,음악/오디오,"편한가계부 (+음성, PC)",금융,"편한가계부 (+음성, PC)",금융
24,"아라-만화뷰어,텍스트뷰어,스캔뷰어,소설뷰어",만화,Word master 워드마스터 수능 2000(18개정),교육,필름 로지 - Feelm Rosy,사진,통화 녹음 Pro,도구,데이그램 - 하루 한줄 일기장,라이프스타일,Aa십육살™ 한국어 Flipfont,맞춤 설정,한컴오피스 한글,비즈니스,µTorrent® Pro - Torrent App,동영상 플레이어/편집기,토익 PART5 종결자,교육,"비지니스 달력 2 프로 버전 ・캘린더, 스케줄러, 일정관리어플, 달력위젯",생산성,USB Audio Player PRO,음악/오디오,"비지니스 달력 2 프로 버전 ・캘린더, 스케줄러, 일정관리어플, 달력위젯",생산성,USB Audio Player PRO,음악/오디오,"편한가계부 (+음성, PC)",금융,"아라-만화뷰어,텍스트뷰어,스캔뷰어,소설뷰어",만화,Magic DosBox,도구,Poweramp Full Version Unlocker,음악/오디오,"아라-만화뷰어,텍스트뷰어,스캔뷰어,소설뷰어",만화
25,"편한가계부 (+음성, PC)",금융,Dokk OS 2,엔터테인먼트,FocusTimer Pro - 공부 습관이 바뀌는 앱,생산성,"책꽂이+ (독서기록, 도서관리)",도서/참고자료,심플 갤러리 Pro,사진,심플 갤러리 Pro,사진,해피포인트,라이프스타일,TikTok 틱톡,동영상 플레이어/편집기,T map - 내비게이션 / 지도,지도/내비게이션,Chrome: 빠르고 안전한 브라우저,커뮤니케이션,디지털 웰빙,도구,V3 Mobile Plus 2.0,도구,Sleep as Android Unlock 💤수면 주기를 기록하는 스마트 알람 시계입니다,라이프스타일,Nova Launcher Prime,맞춤 설정,"편한가계부 (+음성, PC)",금융,Poweramp Full Version Unlocker,음악/오디오,iReal Pro – 음악책 & 반주,음악/오디오,Flashcards Deluxe,교육
26,영화보며 영어공부 - 배속재생 미플레이어무비프로 어학용 동영상 플레이어,교육,USB Audio Player PRO,음악/오디오,Stellarium Mobile 하늘지도,교육,토익 PART5 종결자,교육,Sleep as Android Unlock 💤수면 주기를 기록하는 스마트 알람 시계입니다,라이프스타일,노트 카톡테마 - 심플 카톡테마 8.0.0,엔터테인먼트,"스와이프 - 세상의 모든 만남, 소개팅앱 1위!",라이프스타일,하쿠나 라이브 -  Live 방송,엔터테인먼트,"너랑나랑 - 매일16명 소개팅 (소셜데이팅,연애)",소셜,라인 플레이 – 전세계 No.1 패션 게임,소셜,"포스텔러 - 신년운세, 무료운세, 사주, 타로, 궁합, 토정비결, 별자리, 손금, 풍수",엔터테인먼트,VivaVideo - 동영상 편집 어플 & 무비메이커,동영상 플레이어/편집기,Aa십육살™ 한국어 Flipfont,맞춤 설정,Magic DosBox,도구,Torque Pro (OBD2 / 자동차),커뮤니케이션,"무음모드Pro - 무음 카메라, 도서관 카메라, 조용히, 침묵, 무음 셔터",사진,"책꽂이+ (독서기록, 도서관리)",도서/참고자료,Word Master 워드마스터 중등 실력,교육
27,"동영상 플레이어 KM Pro - HD Player, 4K 비디오 플레이어, 코덱, 자막",동영상 플레이어/편집기,"아라-만화뷰어,텍스트뷰어,스캔뷰어,소설뷰어",만화,MiXplorer Silver - File Manager,생산성,CamCard (명함스캐너 한글 한자 일어 동시인식),비즈니스,어린이를 위한 그리기! 점선 따라 그리기!,교육,VivaVideo PRO 비디오 편집 HD,동영상 플레이어/편집기,µTorrent® Pro - Torrent App,동영상 플레이어/편집기,AirBuds Popup - airpod battery app,음악/오디오,USB Audio Player PRO,음악/오디오,Torque Pro (OBD2 / 자동차),커뮤니케이션,ACR License,생산성,Panda Gamepad Pro (BETA),도구,"무음모드Pro - 무음 카메라, 도서관 카메라, 조용히, 침묵, 무음 셔터",사진,AirBuds Popup - airpod battery app,음악/오디오,Poweramp Full Version Unlocker,음악/오디오,"편한가계부 (+음성, PC)",금융,FL Studio Mobile,음악/오디오,Poweramp Full Version Unlocker,음악/오디오
28,"책꽂이+ (독서기록, 도서관리)",도서/참고자료,"편한가계부 (+음성, PC)",금융,통화 녹음 Pro,도구,"Panda Keymapper 64bit -  Gamepad,mouse,keyboard",도구,"아라-만화뷰어,텍스트뷰어,스캔뷰어,소설뷰어",만화,"지피지기 (사주,운세,궁합,토정비결,이름,해몽)",라이프스타일,Instagram,소셜,"Ulike유라이크 - 스타일, 고급 필터, 뷰티 카메라",사진,TikTok 틱톡,동영상 플레이어/편집기,Gmail,커뮤니케이션,국세청 홈택스,도구,"티빙(TVING) - 실시간TV, 방송VOD, 영화VOD",동영상 플레이어/편집기,한국사능력검정시험 고급 해설집,교육,Hi-Fi Status(LG),음악/오디오,Flashcards Deluxe,교육,Aa어거스트™ 한국어 Flipfont,맞춤 설정,Ba소복소복™ 한국어 Flipfont,맞춤 설정,Game Booster 4x Faster Pro - GFX Tool & Lag Fix,도구
29,Word master 워드마스터 수능 2000(개정),교육,µTorrent® Pro - Torrent App,동영상 플레이어/편집기,영화보며 영어공부 - 배속재생 미플레이어무비프로 어학용 동영상 플레이어,교육,"편한가계부 (+음성, PC)",금융,Poweramp Full Version Unlocker,음악/오디오,20 수특+수완 단어Plus: 빈출 우선 단어 총정리,교육,Netflix(넷플릭스),엔터테인먼트,"여보야 - 결혼,재혼을 위한 중매쟁이 앱",소셜,IZ*ONE Private Mail,엔터테인먼트,"여보야 - 결혼,재혼을 위한 중매쟁이 앱",소셜,"여보야 - 결혼,재혼을 위한 중매쟁이 앱",소셜,"여보야 - 결혼,재혼을 위한 중매쟁이 앱",소셜,"Twomon SE (투몬 SE) - 휴대용 디스플레이, USB 모니터",생산성,우리말 공부,교육,"무음모드Pro - 무음 카메라, 도서관 카메라, 조용히, 침묵, 무음 셔터",사진,카라반 블루투스(BLE) 수평계,자동차,Magic DosBox,도구,DroidCamX Wireless Webcam Pro,도구
30,Word master 워드마스터 수능 2000(18개정),교육,데이그램 - 하루 한줄 일기장,라이프스타일,주기율표 2020 PRO - 화학,교육,FocusTimer Pro - 공부 습관이 바뀌는 앱,생산성,통화 녹음 Pro,도구,CamScanner (License),생산성,AirBuds Popup - airpod battery app,음악/오디오,영화보며 영어공부 - 배속재생 미플레이어무비프로 어학용 동영상 플레이어,교육,Poweramp Full Version Unlocker,음악/오디오,CamScanner (License),생산성,Tasker,도구,µTorrent® Pro - Torrent App,동영상 플레이어/편집기,Magic DosBox,도구,FiLMiC Pro: 프로 HD 수동 비디오 카메라 어플,사진,Aa어거스트™ 한국어 Flipfont,맞춤 설정,"아라-만화뷰어,텍스트뷰어,스캔뷰어,소설뷰어",만화,구닥,사진,무음모드 PRO (기본 카메라 무음),사진
31,클라우디 필름 - 흐림 필터 완벽 구현!,사진,"케이웨더 날씨Pro(기상청 날씨, 미세먼지, 실내공기)",날씨,USB Audio Player PRO,음악/오디오,개념 한국사,교육,Hi-Fi Status(LG),음악/오디오,USB Audio Player PRO,음악/오디오,홈플러스 더 클럽,쇼핑,Messenger,커뮤니케이션,Facebook,소셜,바이오인증 공동앱,금융,네이버 - NAVER,도서/참고자료,Wish - 쇼핑은 즐겁다,쇼핑,Nova Launcher Prime,맞춤 설정,@yoojinkim camera,사진,데이그램 - 하루 한줄 일기장,라이프스타일,구닥,사진,심플 갤러리 Pro,사진,Velo VPN Pro,도구
32,USB Audio Player PRO,음악/오디오,Word master 워드마스터 수능 2000(개정),교육,데이그램 - 하루 한줄 일기장,라이프스타일,ACR License,생산성,"편한가계부 (+음성, PC)",금융,클라우디 필름 - 흐림 필터 완벽 구현!,사진,"여보야 - 결혼,재혼을 위한 중매쟁이 앱",소셜,(앙팅 즐팅 통합) 앙팅즐팅 톡톡 랜덤채팅,커뮤니케이션,"LIVE스코어 - KBO, EPL, NBA 등 가장 빠른 스포츠 전종목 라이브스코어",스포츠,"스와이프 - 세상의 모든 만남, 소개팅앱 1위!",라이프스타일,"너랑나랑 - 매일16명 소개팅 (소셜데이팅,연애)",소셜,"너랑나랑 - 매일16명 소개팅 (소셜데이팅,연애)",소셜,우리말 공부,교육,Watch Face -WatchMaker Premium for Android Wear OS,맞춤 설정,"책꽂이+ (독서기록, 도서관리)",도서/참고자료,터치매크로-자동터치,도구,Game Booster 4x Faster Pro - GFX Tool & Lag Fix,도구,@yoojinkim camera,사진
33,µTorrent® Pro - Torrent App,동영상 플레이어/편집기,"책꽂이+ (독서기록, 도서관리)",도서/참고자료,ACR License,생산성,Sleep as Android Unlock 💤수면 주기를 기록하는 스마트 알람 시계입니다,라이프스타일,TS 한글 키보드 Pro-천지인2,도구,"비밀녹음 프로 (Secret Recorder Pro) - 녹음기, 강의녹음, 몰래녹음",도구,Nova Launcher Prime,맞춤 설정,CCSWE App Manager Pro License,도구,Flashcards Deluxe,교육,AlpineQuest Off-Road Explorer,여행 및 지역정보,Torque Pro (OBD2 / 자동차),커뮤니케이션,Aa문라이즈™ 한국어 Flipfont,맞춤 설정,Hi-Fi Status(LG),음악/오디오,구닥,사진,심플 갤러리 Pro,사진,@yoojinkim camera,사진,Sleep as Android Unlock 💤수면 주기를 기록하는 스마트 알람 시계입니다,라이프스타일,TouchRetouch,사진
34,Aa폰트의왕™ 한국어 Flipfont,맞춤 설정,네이버 15개국 글로벌회화 Plus-언어별 4000문장,교육,파리 필름 - 평범한 사진에 파리 감성을 듬뿍,사진,Aa십육살™ 한국어 Flipfont,맞춤 설정,네이버 15개국 글로벌회화 Plus-언어별 4000문장,교육,통화 녹음 Pro,도구,T map - 내비게이션 / 지도,지도/내비게이션,카카오페이지 KakaoPage,도서/참고자료,카카오맵 - 대한민국 No.1 지도앱 ( 지도 / 내비게이션 / 대중교통 / 로드뷰 ),여행 및 지역정보,wavve(웨이브) - 재미의 파도를 타다!,엔터테인먼트,배달의민족,식음료,롯데홈쇼핑 – 롯데 ON,쇼핑,Tasker,도구,"아라-만화뷰어,텍스트뷰어,스캔뷰어,소설뷰어",만화,Nova Launcher Prime,맞춤 설정,Hi-Fi Status(LG),음악/오디오,무음모드 (순정 무음카메라),도구,Aa정답쓰기™ 한국어 Flipfont,맞춤 설정
35,Word Master 워드마스터 고등 BASIC,교육,영화보며 영어공부 - 배속재생 미플레이어무비프로 어학용 동영상 플레이어,교육,토익 PART5 종결자,교육,구닥,사진,JC 한국 라디오 Premium,음악/오디오,Hi-Fi Status(LG),음악/오디오,"HiddenMe -  노화 카메라, 페이스앱",엔터테인먼트,"LIVE스코어 - KBO, EPL, NBA 등 가장 빠른 스포츠 전종목 라이브스코어",스포츠,위버스 - Weverse,소셜,스코어센터 LIVE - 전 세계 스포츠 통합 라이브스코어,스포츠,골드스푼 : 자격을 갖춘 남녀를 위한 안전한 소개팅,소셜,골드스푼 : 자격을 갖춘 남녀를 위한 안전한 소개팅,소셜,AlpineQuest Off-Road Explorer,여행 및 지역정보,Tasker,도구,TouchRetouch,사진,Flashcards Deluxe,교육,Aa십육살™ 한국어 Flipfont,맞춤 설정,FL Studio Mobile,음악/오디오
36,토익 PART5 종결자,교육,Time Timer Visual Productivity,생산성,APK Editor Pro,도구,CamScanner (License),생산성,FocusTimer Pro - 공부 습관이 바뀌는 앱,생산성,DiskDigger Pro file recovery,도구,Game Booster 🔧 4x Faster (with advance settings),도구,Torque Pro (OBD2 / 자동차),커뮤니케이션,µTorrent® Pro - Torrent App,동영상 플레이어/편집기,"편한가계부 (+음성, PC)",금융,Word master 워드마스터 수능 2000(18개정),교육,USB Audio Player PRO,음악/오디오,한글 달인 - 맞춤법 공부,교육,클라우드 알람,소셜,무음모드 (순정 무음카메라),도구,FiLMiC Pro: 프로 HD 수동 비디오 카메라 어플,사진,이비스 페인트 (ibis Paint),예술/디자인,한국사 능력,ucation
37,우와! - 화면을 깨고 동전이 나오는 마술앱!,엔터테인먼트,Magic DosBox,도구,Word master 워드마스터 수능 2000(18개정),교육,DiskDigger Pro file recovery,도구,DiskDigger Pro file recovery,도구,AlpineQuest Off-Road Explorer,여행 및 지역정보,Facebook,소셜,[공식]고속버스 티머니,지도/내비게이션,밴드,소셜,한컴오피스 viewer,생산성,터치엔 엠백신 for Web(기업용),금융,SNOW 스노우,사진,"아라-만화뷰어,텍스트뷰어,스캔뷰어,소설뷰어",만화,TouchRetouch,사진,Aa십육살™ 한국어 Flipfont,맞춤 설정,스텔라리움 모바일 플러스 - 천체 지도,교육,AlpineQuest Off-Road Explorer,여행 및 지역정보,Ba소복소복™ 한국어 Flipfont,맞춤 설정
38,통화 녹음 Pro,도구,프라임 영한한영사전,도서/참고자료,Hi-Fi Status(LG),음악/오디오,"비지니스 달력 2 프로 버전 ・캘린더, 스케줄러, 일정관리어플, 달력위젯",생산성,Magic DosBox,도구,Game Booster 🔧 4x Faster (with advance settings),도구,V LIVE,엔터테인먼트,스코어센터 LIVE - 전 세계 스포츠 통합 라이브스코어,스포츠,Netflix(넷플릭스),엔터테인먼트,"포스텔러 - 신년운세, 무료운세, 사주, 타로, 궁합, 토정비결, 별자리, 손금, 풍수",엔터테인먼트,소모임 - No.1 취미모임 앱,소셜,"Kmate 케이메이트 - 한국을 사랑하는 외국인친구 사귀기, 미팅, 외국어 채팅, 언어교환",데이트,터치매크로-자동터치,도구,무음모드 PRO (기본 카메라 무음),사진,Plague Inc. (전염병 주식회사): 시나리오 제작기,생산성,Watch Face -WatchMaker Premium for Android Wear OS,맞춤 설정,무음모드 PRO (기본 카메라 무음),사진,µTorrent® Pro - Torrent App,동영상 플레이어/편집기
39,Magic DosBox,도구,통화 녹음 Pro,도구,"아라-만화뷰어,텍스트뷰어,스캔뷰어,소설뷰어",만화,WolframAlpha,도서/참고자료,"책꽂이+ (독서기록, 도서관리)",도서/참고자료,Flashcards Deluxe,교육,"편한가계부 (+음성, PC)",금융,Nebo - 노트 작성 기능 향상,생산성,Tasker,도구,Aa너구리굴림™ 한국어 Flipfont,맞춤 설정,Muscle Premium,의료,비밀번호 관리자 SafeInCloud Pro,생산성,Aa너구리굴림™ 한국어 Flipfont,맞춤 설정,Root Explorer,생산성,Hi-Fi Status(LG),음악/오디오,OruxMaps GP,여행 및 지역정보,µTorrent® Pro - Torrent App,동영상 플레이어/편집기,Rix하르방하르방™ 한국어 Flipfont,맞춤 설정
40,VivaVideo PRO 비디오 편집 HD,동영상 플레이어/편집기,BlockLauncher Pro,도구,아날로그 필름 - 옛 향수 가득한 전문가용 사진 필터 앱!,사진,"동영상 플레이어 KM Pro - HD Player, 4K 비디오 플레이어, 코덱, 자막",동영상 플레이어/편집기,"동영상 플레이어 KM Pro - HD Player, 4K 비디오 플레이어, 코덱, 자막",동영상 플레이어/편집기,터치매크로-자동터치,도구,카카오뱅크 - 같지만 다른 은행,금융,NH멤버스,라이프스타일,SRT - 수서고속철도(NEW),여행 및 지역정보,APT2you,부동산/홈 인테리어,Google TTS(텍스트 음성 변환),도구,에이블리 - 셀럽마켓 모음앱,쇼핑,Poweramp Full Version Unlocker,음악/오디오,심플 갤러리 Pro,사진,버추얼태블릿 VirtualTablet (S-Pen),도구,버추얼태블릿 VirtualTablet (S-Pen),도구,Word Master 워드마스터 중등 실력,교육,"비밀녹음 프로 (Secret Recorder Pro) - 녹음기, 강의녹음, 몰래녹음",도구
41,Flashcards Deluxe,교육,CamScanner (License),생산성,픽테일 -  PinkLady,사진,TS 한글 키보드 Pro-천지인2,도구,USB Audio Player PRO,음악/오디오,[UX8] One UI 2 Black LG G8 V50 V40 V30 V20  G6 Pie,맞춤 설정,소모임 - No.1 취미모임 앱,소셜,V LIVE,엔터테인먼트,"썸데이 - 이상형 매칭 소개팅 (만남, 데이트, 소개팅 어플)",데이트,소모임 - No.1 취미모임 앱,소셜,"스와이프 - 세상의 모든 만남, 소개팅앱 1위!",라이프스타일,비트윈 Between,소셜,카라반 블루투스(BLE) 수평계,자동차,DiskDigger Pro file recovery,도구,KWGT Kustom Widget Pro Key,도구,FL Studio Mobile,음악/오디오,우리말 공부,교육,Aa어거스트™ 한국어 Flipfont,맞춤 설정
42,BlockLauncher Pro,도구,제트오디오 플러스 - 고해상도 음원 재생 뮤직 플레이어,음악/오디오,Aa폰트의왕™ 한국어 Flipfont,맞춤 설정,아기 울음 알리미 (아기 수면 모니터 & 알람 & 자장가),출산/육아,CamCard (명함스캐너 한글 한자 일어 동시인식),비즈니스,"동영상 플레이어 KM Pro - HD Player, 4K 비디오 플레이어, 코덱, 자막",동영상 플레이어/편집기,개념 한국사,교육,CamCard (명함스캐너 한글 한자 일어 동시인식),비즈니스,Dokk OS 2,엔터테인먼트,Aa십육살™ 한국어 Flipfont,맞춤 설정,"아라-만화뷰어,텍스트뷰어,스캔뷰어,소설뷰어",만화,Toca Hair Salon 3,교육,Aa폰트의왕™ 한국어 Flipfont,맞춤 설정,Toca Hair Salon 3,교육,제트오디오 플러스 - 고해상도 음원 재생 뮤직 플레이어,음악/오디오,심플 갤러리 Pro,사진,"지피지기 (사주,운세,궁합,토정비결,이름,해몽)",라이프스타일,"백학도사의로또꿈해몽백과(로또,로또꿈,이름풀이로또운명수,로또꿈분석,꿈풀이,꿈해몽,조합기)",도서/참고자료
43,프라임 영한한영사전,도서/참고자료,365홀딱반했어™ 한국어 Flipfont,맞춤 설정,"동영상 플레이어 KM Pro - HD Player, 4K 비디오 플레이어, 코덱, 자막",동영상 플레이어/편집기,한글 달인 - 맞춤법 공부,교육,픽테일 -  PinkLady,사진,FocusTimer Pro - 공부 습관이 바뀌는 앱,생산성,4shared,엔터테인먼트,모바일 관세청,비즈니스,신한 쏠(SOL) – 신한은행 스마트폰뱅킹,금융,ANT Radio Service,커뮤니케이션,지도,여행 및 지역정보,T map - 내비게이션 / 지도,지도/내비게이션,FL Studio Mobile,음악/오디오,Aa어거스트™ 한국어 Flipfont,맞춤 설정,Stellarium Mobile 하늘지도,교육,Word Master 워드마스터 중등 기초,교육,Flashcards Deluxe,교육,Nova Launcher Prime,맞춤 설정
44,심플 갤러리 Pro,사진,TYPO전교일등™ 한국어 Flipfont,맞춤 설정,구닥,사진,Panda Gamepad Pro (BETA),도구,개념 한국사,교육,Aa설렘주의™ 한국어 Flipfont,맞춤 설정,"썸데이 - 이상형 매칭 소개팅 (만남, 데이트, 소개팅 어플)",데이트,Iron Play -- for AFK,도구,(앙팅 즐팅 통합) 앙팅즐팅 톡톡 랜덤채팅,커뮤니케이션,(앙팅 즐팅 통합) 앙팅즐팅 톡톡 랜덤채팅,커뮤니케이션,키네마스터(KineMaster) - 동영상 편집기,동영상 플레이어/편집기,키네마스터(KineMaster) - 동영상 편집기,동영상 플레이어/편집기,µTorrent® Pro - Torrent App,동영상 플레이어/편집기,µTorrent® Pro - Torrent App,동영상 플레이어/편집기,AirBuds Popup - airpod battery app,음악/오디오,고상혁 스위치 사주기2,이벤트,Stellarium Mobile 하늘지도,교육,AirBuds Popup - airpod battery app,음악/오디오
45,CamCard (명함스캐너 한글 한자 일어 동시인식),비즈니스,픽테일 -  BlueHawaii,사진,VivaVideo PRO 비디오 편집 HD,동영상 플레이어/편집기,노트 카톡테마 - 심플 카톡테마 8.0.0,엔터테인먼트,Word master 워드마스터 수능 2000(18개정),교육,현대사주 - 현대인을 위한 사주풀이 백과,라이프스타일,터치매크로-자동터치,도구,"아라-만화뷰어,텍스트뷰어,스캔뷰어,소설뷰어",만화,CCSWE App Manager Pro License,도구,구닥,사진,VivaVideo PRO 비디오 편집 HD,동영상 플레이어/편집기,Magic DosBox,도구,우와! - 화면을 깨고 동전이 나오는 마술앱!,엔터테인먼트,"비밀녹음 프로 (Secret Recorder Pro) - 녹음기, 강의녹음, 몰래녹음",도구,"Star Walk 2 - 하늘지도：별자리 찾기, 스타지도, 증강 현실 천문학",교육,Word Master 워드마스터 중등 고난도(개정),교육,HU셀럽고딕™ 한국어 Flipfont,맞춤 설정,Ba베베미뇽™ 한국어 Flipfont,맞춤 설정
46,데이그램 - 하루 한줄 일기장,라이프스타일,OruxMaps GP,여행 및 지역정보,Notification for Edge Panel,도구,네이버 15개국 글로벌회화 Plus-언어별 4000문장,교육,Panda Gamepad Pro (BETA),도구,CamCard (명함스캐너 한글 한자 일어 동시인식),비즈니스,"여기어때 - 호텔, 모텔, 펜션, 캠핑, 게하, 액티비티 최저가 예약!",여행 및 지역정보,뱅크샐러드,금융,코레일톡,여행 및 지역정보,"Ulike유라이크 - 스타일, 고급 필터, 뷰티 카메라",사진,KB국민은행 스타뱅킹,금융,Facebook,소셜,365홀딱반했어™ 한국어 Flipfont,맞춤 설정,제트오디오 플러스 - 고해상도 음원 재생 뮤직 플레이어,음악/오디오,FL Studio Mobile,음악/오디오,"ArtRage: Draw, Paint, Create",예술/디자인,Watch Face -WatchMaker Premium for Android Wear OS,맞춤 설정,iReal Pro – 음악책 & 반주,음악/오디오
47,픽테일 -  PinkLady,사진,iReal Pro – 음악책 & 반주,음악/오디오,심플 갤러리 Pro,사진,Aa오월오일™ 한국어 Flipfont,맞춤 설정,Navigation Pro: Google Maps Navi on Samsung Watch,지도/내비게이션,Crypto Tracker Bot,금융,VivaVideo - 동영상 편집 어플 & 무비메이커,동영상 플레이어/편집기,"썸데이 - 이상형 매칭 소개팅 (만남, 데이트, 소개팅 어플)",데이트,스코어센터 LIVE - 전 세계 스포츠 통합 라이브스코어,스포츠,키네마스터(KineMaster) - 동영상 편집기,동영상 플레이어/편집기,(앙팅 즐팅 통합) 앙팅즐팅 톡톡 랜덤채팅,커뮤니케이션,카카오키즈,교육,띄어쓰기,교육,Aa폰트의왕™ 한국어 Flipfont,맞춤 설정,한글 달인 - 맞춤법 공부,교육,"Star Walk 2 - 하늘지도：별자리 찾기, 스타지도, 증강 현실 천문학",교육,OruxMaps GP,여행 및 지역정보,전기기사 산업기사 실기 핵심 정리,교육
48,TS 한글 키보드 Pro-천지인2,도구,한글 달인 - 맞춤법 공부,교육,WolframAlpha,도서/참고자료,Magic DosBox,도구,WolframAlpha,도서/참고자료,무음모드 PRO (기본 카메라 무음),사진,"Twomon SE (투몬 SE) - 휴대용 디스플레이, USB 모니터",생산성,구닥,사진,"동영상 플레이어 KM Pro - HD Player, 4K 비디오 플레이어, 코덱, 자막",동영상 플레이어/편집기,무음모드 (순정 무음카메라),도구,WolframAlpha,도서/참고자료,Word Master 워드마스터 중등 실력,교육,BlockLauncher Pro,도구,Metronome: Tempo 메트로놈,음악/오디오,Aa너구리굴림™ 한국어 Flipfont,맞춤 설정,CCSWE App Manager Pro License,도구,터치매크로-자동터치,도구,Word Master 워드마스터 중등 기초,교육
49,네이버 15개국 글로벌회화 Plus-언어별 4000문장,교육,Aa빈둥글씨™ 한국어 Flipfont,엔터테인먼트,칠판 카카오톡 테마 VER2,도구,"아라-만화뷰어,텍스트뷰어,스캔뷰어,소설뷰어",만화,OruxMaps GP,여행 및 지역정보,"2020 점신PRO : 오늘의 운세, 사주의 완전판",라이프스타일,코레일톡,여행 및 지역정보,위메프 - 특가대표 (특가 / 쇼핑 / 쇼핑앱 / 쿠폰 / 배송),쇼핑,SODA 소다 - Natural Beauty Camera,사진,SODA 소다 - Natural Beauty Camera,사진,T map - 내비게이션 / 지도,지도/내비게이션,NH스마트뱅킹,금융,최고 어휘,교육,"PL@Y 2 - 프리미엄 티켓북 + 포토캘린더 ( 플레이앱, PL@Y2 )",라이프스타일,Magic DosBox,도구,Game Booster 4x Faster Pro - GFX Tool & Lag Fix,도구,TouchRetouch,사진,영화보며 영어공부 - 배속재생 미플레이어무비프로 어학용 동영상 플레이어,교육
50,,,,,,,,,,,,,키네마스터(KineMaster) - 동영상 편집기,동영상 플레이어/편집기,"HiddenMe -  노화 카메라, 페이스앱",엔터테인먼트,"Face Secret App - 관상 해석, 뷰티 스캔, 별자리 운세",엔터테인먼트,미래생김새---안면노화、아기생성기、안면스캔,엔터테인먼트,위버스 - Weverse,소셜,윌라 - 베스트셀러 오디오북&프리미엄 강의,교육,,,,,,,,,,,,
51,,,,,,,,,,,,,CCSWE App Manager Pro License,도구,무음무음 PRO,사진,"편한가계부 (+음성, PC)",금융,한글 달인 - 맞춤법 공부,교육,DiskDigger Pro file recovery,도구,Flashcards Deluxe,교육,,,,,,,,,,,,
52,,,,,,,,,,,,,카카오맵 - 대한민국 No.1 지도앱 ( 지도 / 내비게이션 / 대중교통 / 로드뷰 ),여행 및 지역정보,"직방 - 2,800만명이 선택한 No.1 부동산 앱(아파트,분양,원룸,오피스텔,빌라,상가)",부동산/홈 인테리어,카카오뱅크 - 같지만 다른 은행,금융,"직방 - 2,800만명이 선택한 No.1 부동산 앱(아파트,분양,원룸,오피스텔,빌라,상가)",부동산/홈 인테리어,Flipboard Briefing,뉴스/잡지,"야놀자 - 국내 및 해외 호텔, 모텔, 펜션, 게하, 레저/티켓, 최대 80% 할인",여행 및 지역정보,,,,,,,,,,,,
53,,,,,,,,,,,,,"아르고 ARGO - 영상메신저, 영상채팅, 친구찾기",소셜,Smule - 최고의 노래 어플,음악/오디오,카카오키즈,교육,이브캠S - 화상채팅 영상채팅 음성채팅,라이프스타일,"만남,돌싱,중년,채팅어플,아줌마중매,무료채팅,소개팅,재혼만남,만남어플 - 불팅",데이트,캐치잇 잉글리시 : 게임보다 쉬운 영어 학습,교육,,,,,,,,,,,,
54,,,,,,,,,,,,,Watch Face -WatchMaker Premium for Android Wear OS,맞춤 설정,Poweramp Full Version Unlocker,음악/오디오,CamCard (명함스캐너 한글 한자 일어 동시인식),비즈니스,VivaVideo PRO 비디오 편집 HD,동영상 플레이어/편집기,영화보며 영어공부 - 배속재생 미플레이어무비프로 어학용 동영상 플레이어,교육,데이그램 - 하루 한줄 일기장,라이프스타일,,,,,,,,,,,,
55,,,,,,,,,,,,,카카오내비,지도/내비게이션,바이오인증 공동앱,금융,"직방 - 2,800만명이 선택한 No.1 부동산 앱(아파트,분양,원룸,오피스텔,빌라,상가)",부동산/홈 인테리어,ANT+ Plugins Service,건강/운동,ANT+ Plugins Service,건강/운동,SERIES - 네이버 시리즈,도서/참고자료,,,,,,,,,,,,
56,,,,,,,,,,,,,Smule - 최고의 노래 어플,음악/오디오,프렌미,데이트,"아이쉐어링 위치추적 - 가족 자녀안심, 친구찾기, GPS 안심이",커뮤니케이션,"썸데이 - 이상형 매칭 소개팅 (만남, 데이트, 소개팅 어플)",데이트,V LIVE,엔터테인먼트,"아르고 ARGO - 영상메신저, 영상채팅, 친구찾기",소셜,,,,,,,,,,,,
57,,,,,,,,,,,,,Poweramp Full Version Unlocker,음악/오디오,터치매크로-자동터치,도구,구닥,사진,"지피지기 (사주,운세,궁합,토정비결,이름,해몽)",라이프스타일,Watch Face -WatchMaker Premium for Android Wear OS,맞춤 설정,SimpleMind Pro - Intuitive Mind Mapping,생산성,,,,,,,,,,,,
58,,,,,,,,,,,,,Messenger,커뮤니케이션,Google 번역,도구,SNOW 스노우,사진,롯데홈쇼핑 – 롯데 ON,쇼핑,네이버 파파고 - AI 통번역,도구,국세청 홈택스,도구,,,,,,,,,,,,
59,,,,,,,,,,,,,페이스리딩—에이지 페이스 사인,엔터테인먼트,"아이쉐어링 위치추적 - 가족 자녀안심, 친구찾기, GPS 안심이",커뮤니케이션,"다톡 - 무료 채팅으로 동네 친구, 톡친구 사귀기",소셜,Smule - 최고의 노래 어플,음악/오디오,"썸데이 - 이상형 매칭 소개팅 (만남, 데이트, 소개팅 어플)",데이트,최애돌♡ - 아이돌 순위 / 스케줄 / 퀴즈,엔터테인먼트,,,,,,,,,,,,
60,,,,,,,,,,,,,FocusTimer Pro - 공부 습관이 바뀌는 앱,생산성,JC 한국 라디오 Premium,음악/오디오,Aa너구리굴림™ 한국어 Flipfont,맞춤 설정,"Panda Keymapper - Gamepad,mouse,keyboard",도구,터치매크로-자동터치,도구,프라임 영한한영사전,도서/참고자료,,,,,,,,,,,,
61,,,,,,,,,,,,,YouTube Kids,엔터테인먼트,토스,금융,i-ONE Bank - IBK기업은행,금융,밴드,소셜,셀렉트숍 무신사 - SELECT SHOP MUSINSA,쇼핑,4shared,엔터테인먼트,,,,,,,,,,,,
62,,,,,,,,,,,,,인공지능 소개팅 애나 - 목소리도 듣고 분석도 하고,소셜,"만남,돌싱,중년,채팅어플,아줌마중매,무료채팅,소개팅,재혼만남,만남어플 - 불팅",데이트,"아르고 ARGO - 영상메신저, 영상채팅, 친구찾기",소셜,"만남,돌싱,중년,채팅어플,아줌마중매,무료채팅,소개팅,재혼만남,만남어플 - 불팅",데이트,Fachat: 낯선 사람과의 온라인 영상 채팅 앱,소셜,"만남,돌싱,중년,채팅어플,아줌마중매,무료채팅,소개팅,재혼만남,만남어플 - 불팅",데이트,,,,,,,,,,,,
63,,,,,,,,,,,,,"2020 점신PRO : 오늘의 운세, 사주의 완전판",라이프스타일,Stellarium Mobile 하늘지도,교육,"PL@Y 2 - 프리미엄 티켓북 + 포토캘린더 ( 플레이앱, PL@Y2 )",라이프스타일,CamCard (명함스캐너 한글 한자 일어 동시인식),비즈니스,Aa너구리굴림™ 한국어 Flipfont,맞춤 설정,FL Studio Mobile,음악/오디오,,,,,,,,,,,,
64,,,,,,,,,,,,,쿠팡이츠 - 맛있는 음식을 빠르고 편하게,식음료,네이버 웹툰 - Naver Webtoon,만화,ISP/페이북,금융,NAVER VIBE (바이브),음악/오디오,카카오내비,지도/내비게이션,[공식]고속버스 티머니,지도/내비게이션,,,,,,,,,,,,
65,,,,,,,,,,,,,밴드,소셜,인공지능 소개팅 애나 - 목소리도 듣고 분석도 하고,소셜,"만남,돌싱,중년,채팅어플,아줌마중매,무료채팅,소개팅,재혼만남,만남어플 - 불팅",데이트,LivU - 랜덤 영상 채팅,소셜,LivU - 랜덤 영상 채팅,소셜,LivU - 랜덤 영상 채팅,소셜,,,,,,,,,,,,
66,,,,,,,,,,,,,노트 카톡테마 - 심플 카톡테마 8.0.0,엔터테인먼트,Aa설렘주의™ 한국어 Flipfont,맞춤 설정,20 수특+수완 단어Plus: 빈출 우선 단어 총정리,교육,FocusTimer Pro - 공부 습관이 바뀌는 앱,생산성,FocusTimer Pro - 공부 습관이 바뀌는 앱,생산성,터치매크로-자동터치,도구,,,,,,,,,,,,
67,,,,,,,,,,,,,맥도날드,식음료,KB국민카드,금융,Google 번역,도구,오늘의집 - 700만이 선택한 No.1 인테리어 필수앱,부동산/홈 인테리어,카카오뱅크 - 같지만 다른 은행,금융,Samsung Notes,생산성,,,,,,,,,,,,
68,,,,,,,,,,,,,"아이쉐어링 위치추적 - 가족 자녀안심, 친구찾기, GPS 안심이",커뮤니케이션,즐챗 - 채팅을 통한 즐거운 이성친구와 대화,소셜,프렌미,데이트,"Evernote – 수첩, 노트와 메모를 위한 플래너",생산성,Smule - 최고의 노래 어플,음악/오디오,"빠른톡S - 더 강력해진 실시간 영상통화, 목소리듣고 빠르게 인연 찾는 어플",소셜,,,,,,,,,,,,
69,,,,,,,,,,,,,Tweet2gif Plus,도구,픽테일 - Limited Edition,사진,FiLMiC Pro: 프로 HD 수동 비디오 카메라 어플,사진,우리말 공부,교육,TouchRetouch,사진,Watch Face -WatchMaker Premium for Android Wear OS,맞춤 설정,,,,,,,,,,,,
70,,,,,,,,,,,,,[공식]고속버스 티머니,지도/내비게이션,Mi Fit,건강/운동,[공식]고속버스 티머니,지도/내비게이션,Google Play 게임,엔터테인먼트,SRT - 수서고속철도(NEW),여행 및 지역정보,Messenger,커뮤니케이션,,,,,,,,,,,,
71,,,,,,,,,,,,,즐챗 - 채팅을 통한 즐거운 이성친구와 대화,소셜,LivU - 랜덤 영상 채팅,소셜,"빠른톡S - 더 강력해진 실시간 영상통화, 목소리듣고 빠르게 인연 찾는 어플",소셜,Microsoft OneDrive,생산성,"빠른톡S - 더 강력해진 실시간 영상통화, 목소리듣고 빠르게 인연 찾는 어플",소셜,밴드,소셜,,,,,,,,,,,,
72,,,,,,,,,,,,,클라우디 필름 - 흐림 필터 완벽 구현!,사진,Flashcards Deluxe,교육,LectureRecordings,생산성,제트오디오 플러스 - 고해상도 음원 재생 뮤직 플레이어,음악/오디오,iReal Pro – 음악책 & 반주,음악/오디오,Aa오월오일™ 한국어 Flipfont,맞춤 설정,,,,,,,,,,,,
73,,,,,,,,,,,,,FLO – 플로,음악/오디오,롯데 ON - 롯데하이마트,쇼핑,뱅크샐러드,금융,i-ONE Bank - IBK기업은행,금융,한컴오피스 viewer,생산성,"PASS by SK TELECOM(구, T인증)",금융,,,,,,,,,,,,
74,,,,,,,,,,,,,"Magikoly–만화 필터, 페이스앱, 페이스 에디터, 얼굴 노화, 성별 전환, 인종 분석",사진,Blued - 게이 데이팅 & 라이브 앱,소셜,"Kmate 케이메이트 - 한국을 사랑하는 외국인친구 사귀기, 미팅, 외국어 채팅, 언어교환",데이트,밴드,소셜,캐치잇 잉글리시 : 게임보다 쉬운 영어 학습,교육,Blued - 게이 데이팅 & 라이브 앱,소셜,,,,,,,,,,,,
