﻿,19_1,19_1_gen,19_2,19_2_gen,19_3,19_3_gen,19_4,19_4_gen,19_5,19_5_gen,19_6,19_6_gen,19_7,19_7_gen,19_8,19_8_gen,19_9,19_9_gen,19_10,19_10_gen,19_11,19_11_gen,19_12,19_12_gen,20_1,20_1_gen,20_2,20_2_gen,20_3,20_3_gen,20_4,20_4_gen,20_5,20_5_gen,20_6,20_6_gen
0,Analog Brooklyn,oto & Video,Analog Brooklyn,oto & Video,Analog Paris,oto & Video,FILCA - SLR 필름 카메라,oto & Video,SOVS - 촬영부탁 필수앱,사진,@picn2k camera (피크닉 카메라),사진,Analog Paris,oto & Video,Dead Cells,,@picn2k camera (피크닉 카메라),사진,@picn2k camera (피크닉 카메라),사진,Football Manager 2020 Mobile,스포츠,Minecraft,아케이드,Plague Inc. (전염병 주식회사),시뮬레이션,Forest: 집중하기,생산성,MOODA,,Agent A - 숨겨진 퍼즐,퍼즐,Minecraft,아케이드,Minecraft,아케이드
1,"Ulike유라이크 - 스타일, 고급 필터, 뷰티 카메라",사진,SODA 소다 - Natural Beauty Camera,사진,열혈 삼국지-창의적인  방치형 캐주얼 모바일 게임,rd,김씨협객전,"롤플레잉
  (일 경과)",카카오페이,금융,캐주얼 디펜스M-Q버전 모험 2차원 게임,롤플레잉,Rummikub,보드,피망 뉴맞고 : 고스톱으로 대한민국 1등,카드,Puppy Crush - Match 3 Puzzle," (일 경과)
-

","Brain Out – 넌센스 마스터, 두뇌 트레이닝",교육,Fight Soldier,,Netflix(넷플릭스),엔터테인먼트,Minecraft,아케이드,Plague Inc. (전염병 주식회사),시뮬레이션,Minecraft,아케이드,Minecraft,아케이드,메몽 Memong,,MOODA,
2,검은사막 모바일,롤플레잉,브롤스타즈,액션,리니지M(12),롤플레잉,리니지M(12),롤플레잉,검은사막 모바일,롤플레잉,리니지2 레볼루션,롤플레잉,카카오톡 KakaoTalk,커뮤니케이션,모두의마블,보드,카카오톡 KakaoTalk,커뮤니케이션,리니지M,롤플레잉,라이즈 오브 킹덤즈,전략,라이즈 오브 킹덤즈,전략,Analog Paris,oto & Video,Minecraft,아케이드,Analog Paris,oto & Video,미루,,Analog Paris,oto & Video,Football Manager 2020 Mobile,스포츠
3,Analog Paris,oto & Video,Analog Wedding,oto & Video,Analog Brooklyn,oto & Video,Analog Paris,oto & Video,Analog Wedding,oto & Video,Analog Paris,oto & Video,Analog Wedding,oto & Video,@picn2k camera (피크닉 카메라),사진,FEELT,oto & Video,Analog Paris,oto & Video,A Dance Of Fire and Ice,음악,Analog Paris,oto & Video,Analog Wedding,oto & Video,MOODA,,Forest: 집중하기,생산성,Forest: 집중하기,생산성,Night of the Full Moon,전략,@picn2k camera (피크닉 카메라),oto & Video
4,#Photos (Photo Viewer/Manager/Editor),oto & Video,배달요기요,식음료,퍼펙트 레이드,롤플레잉,SODA 소다 - Natural Beauty Camera,사진,좀비 스트라이커：데스 서바이벌 AFK RPG,롤플레잉,다이소 멤버십,라이프스타일,Shootout 3D,퍼즐,쿵야 캐치마인드,퀴즈,올스타 스매시,스포츠,테니스 클래시: 재미있는 스포츠 게임,스포츠,쌍삼국지,롤플레잉,대장장이 용병단 : 합성 방치형 RPG,롤플레잉,@picn2k camera (피크닉 카메라),oto & Video,Analog Paris,oto & Video,Analog Wedding,oto & Video,포켓 빌드,시뮬레이션,유니콘:광고차단 필수 앱,생산성,Agent A - 숨겨진 퍼즐,퍼즐
5,리니지M(12),롤플레잉,카카오페이지 KakaoPage,도서/참고자료,리니지2 레볼루션,롤플레잉,카카오페이지 KakaoPage,도서/참고자료,킹 오브 파이터 올스타,액션,블레이드&소울 레볼루션,롤플레잉,라플라스M,롤플레잉,리니지M(12),롤플레잉,YouTube,동영상 플레이어/편집기,카카오톡 KakaoTalk,커뮤니케이션,V4,롤플레잉,리니지M,롤플레잉,Football Manager 2020 Mobile,스포츠,Stardew Valley,롤플레잉,Plague Inc. (전염병 주식회사),시뮬레이션,@picn2k camera (피크닉 카메라),oto & Video,Pascal s Wager,,VINYL - Kyoto,
6,Analog Tokyo,oto & Video,@picn2k camera (피크닉 카메라),사진,Analog Tokyo,oto & Video,Analog Wedding,oto & Video,세븐데이즈 - 라이트 노벨 어드벤처 .스토리 선택 게임,어드벤처,Analog Wedding,oto & Video,@picn2k camera (피크닉 카메라),사진,Analog Wedding,oto & Video,Analog Paris,oto & Video,Analog Wedding,oto & Video,Analog Paris,oto & Video,@yoojinkim wallpapers,,Analog Tokyo,oto & Video,Analog Wedding,oto & Video,@picn2k camera (피크닉 카메라),oto & Video,MOODA,,MOODA,,Analog Paris,oto & Video
7,신의아이들 : SEASON 2,롤플레잉,Tap Tap Music-Pop Songs,음악,"Ulike유라이크 - 스타일, 고급 필터, 뷰티 카메라",사진,"Ulike유라이크 - 스타일, 고급 필터, 뷰티 카메라",사진,Fish Crazy Master,mes,SODA 소다 - Natural Beauty Camera,사진,에이블리 - 셀럽마켓 모음앱,쇼핑,Dart or Die,tion,"Ulike유라이크 - 스타일, 고급 필터, 뷰티 카메라",사진,SODA 소다 - Natural Beauty Camera,사진,셀렉트숍 무신사 - SELECT SHOP MUSINSA,쇼핑,당근마켓 - 우리 동네 중고 직거래 벼룩장터,쇼핑,@yoojinkim wallpapers,,유니콘:광고차단 필수 앱,생산성,Stardew Valley,롤플레잉,Analog Paris,oto & Video,Forest: 집중하기,생산성,유니콘:광고차단 필수 앱,생산성
8,카카오페이지 KakaoPage,도서/참고자료,리니지M(12),롤플레잉,카카오페이지 KakaoPage,도서/참고자료,카카오톡 KakaoTalk,커뮤니케이션,카카오톡 KakaoTalk,커뮤니케이션,리니지M(12),롤플레잉,프린세스 커넥트! Re:Dive,롤플레잉,블레이드&소울 레볼루션,롤플레잉,리니지M,롤플레잉,블레이드&소울 레볼루션,롤플레잉,YouTube,동영상 플레이어/편집기,YouTube,동영상 플레이어/편집기,A Dance Of Fire and Ice,음악,@picn2k camera (피크닉 카메라),oto & Video,Analog Tokyo,oto & Video,GoodNotes 5,oductivity,Analog Wedding,oto & Video,Forest: 집중하기,생산성
9,Minecraft,아케이드,Rebel Inc. (반란 주식회사),시뮬레이션,SOVS - 촬영부탁 필수앱,사진,Analog Brooklyn,oto & Video,@picn2k camera (피크닉 카메라),사진,Minecraft,아케이드,Analog Tokyo,oto & Video,A Dance Of Fire and Ice,음악,Minecraft,아케이드,Minecraft,아케이드,Analog Wedding,oto & Video,MOODA,,MOODA,,Football Manager 2020 Mobile,스포츠,@yoojinkim wallpapers,,Analog Wedding,oto & Video,@picn2k camera (피크닉 카메라),oto & Video,메몽 Memong,
10,카카오뱅크 - 같지만 다른 은행,금융,NH스마트뱅킹,금융,카카오뱅크 - 같지만 다른 은행,금융,카카오뱅크 - 같지만 다른 은행,금융,Candy Frenzy - Match Sugar,zzle,Chat & Text Stories - Horror," (일 경과)
-

","여기어때 - 호텔, 모텔, 펜션, 캠핑, 게하, 액티비티 최저가 예약!",여행 및 지역정보,국세청 홈택스,도구,토스,금융,당근마켓 - 우리 동네 중고 직거래 벼룩장터,쇼핑,에이블리 - 셀럽마켓 모음앱,쇼핑,쿠팡 (Coupang),쇼핑,The White Door,어드벤처,A Dance Of Fire and Ice,음악,A Dance Of Fire and Ice,음악,Stardew Valley,롤플레잉,A Dance Of Fire and Ice,음악,Analog Wedding,oto & Video
11,왕이되는자,롤플레잉,왕이되는자,롤플레잉,삼국지M,전략,YouTube,동영상 플레이어/편집기,네이버 웹툰 - Naver Webtoon,만화,카카오페이지 KakaoPage,도서/참고자료,FIFA ONLINE 4 M by EA SPORTS™,스포츠,리니지2 레볼루션,롤플레잉,오늘도 우라라 원시 헌팅 라이프,롤플레잉,라플라스M,롤플레잉,네이버 웹툰 - Naver Webtoon,만화,V4,롤플레잉,GoodNotes 5,oductivity,Analog Tokyo,oto & Video,킹덤 러쉬 벤전스 (Kingdom Rush Vengeance),전략,유니콘:광고차단 필수 앱,생산성,GoodNotes 5,oductivity,A Dance Of Fire and Ice,음악
12,Football Manager 2019 Mobile,스포츠,Plague Inc. (전염병 주식회사),시뮬레이션,Stardew Valley,롤플레잉,Stardew Valley,롤플레잉,Analog Brooklyn,oto & Video,에버테일,롤플레잉,Analog Brooklyn,oto & Video,SOVS - 촬영부탁 필수앱,사진,MOODA,,MOODA,,Analog Tokyo,oto & Video,Analog Tokyo,oto & Video,Analog Brooklyn,oto & Video,GoodNotes 5,oductivity,유니콘:광고차단 필수 앱,생산성,Plague Inc. (전염병 주식회사),시뮬레이션,에버테일,롤플레잉,GoodNotes 5,oductivity
13,Color Bump 3D,아케이드,카카오뱅크 - 같지만 다른 은행,금융,바이오인증 공동앱,금융,SRT - 수서고속철도(NEW),여행 및 지역정보,성범죄자 알림e,라이프스타일,에이블리 - 셀럽마켓 모음앱,쇼핑,SODA 소다 - Natural Beauty Camera,사진,천만관객돌파,"시뮬레이션
  (일 경과)",에이블리 - 셀럽마켓 모음앱,쇼핑,YouTube,동영상 플레이어/편집기,토스,금융,SODA 소다 - Natural Beauty Camera,사진,유니콘:광고차단 필수 앱,생산성,SleepTown: 건강한 수면 습관 익히기,alth & Fitness,GoodNotes 5,oductivity,Analog Tokyo,oto & Video,Analog Tokyo,oto & Video,Plague Inc. (전염병 주식회사),시뮬레이션
14,브롤스타즈,액션,YouTube,동영상 플레이어/편집기,카카오톡 KakaoTalk,커뮤니케이션,쿠키런: 오븐브레이크,아케이드,삼국지M,전략,랑그릿사,전략,블레이드&소울 레볼루션,롤플레잉,카카오페이지 KakaoPage,도서/참고자료,라플라스M,롤플레잉,리니지2 레볼루션,롤플레잉,FIFA ONLINE 4 M by EA SPORTS™,스포츠,일곱 개의 대죄: GRAND CROSS,롤플레잉,Stardew Valley,롤플레잉,레이튼 교수와 이상한 마을 HD,어드벤처,포켓 빌드,시뮬레이션,A Dance Of Fire and Ice,음악,Tallowmere,액션,갓피플성경,도서/참고자료
15,Analog Budapest,oto & Video,SOVS - 촬영부탁 필수앱,사진,Football Manager 2019 Mobile,스포츠,Minecraft,아케이드,Plague Inc. (전염병 주식회사),시뮬레이션,FILCA - SLR 필름 카메라,oto & Video,Analog Jeju,oto & Video,카툰 크래프트,전략,Football Manager 2019 Mobile,스포츠,Plague Inc. (전염병 주식회사),시뮬레이션,Stardew Valley,롤플레잉,Stardew Valley,롤플레잉,NBA 2K20,스포츠,레이튼 교수와 악마의 상자 모바일 HD 리마스터,어드벤처,Football Manager 2020 Mobile,스포츠,CamScanner+,oductivity,Facetune - 무광고 버전,사진,Analog Tokyo,oto & Video
16,쿠팡 (Coupang),쇼핑,"커넥츠: 무료 공부질문 앱-500만 다운로드 (문제해설, 노하우, 과외, 인강)",교육,배달의민족,식음료,배달요기요,식음료,한국투자증권 (스마트폰 계좌개설),금융,"Ulike유라이크 - 스타일, 고급 필터, 뷰티 카메라",사진,"야놀자 - 국내 및 해외 호텔, 모텔, 펜션, 게하, 레저/티켓, 최대 80% 할인",여행 및 지역정보,공장 합병,퍼즐,wavve(웨이브) - 재미의 파도를 타다!,엔터테인먼트,에이블리 - 셀럽마켓 모음앱,쇼핑,워너비챌린지,시뮬레이션,배달의민족,식음료,Rebel Inc. (반란 주식회사),시뮬레이션,Analog Brooklyn,oto & Video,미니 메트로,시뮬레이션,Football Manager 2020 Mobile,스포츠,Stardew Valley,롤플레잉,"하루하루 - 필수 시간관리 앱, 위젯으로 간편한 체크",oductivity
17,리니지2 레볼루션,롤플레잉,네이버 웹툰 - Naver Webtoon,만화,왕이되는자,롤플레잉,왕이되는자,롤플레잉,쿠키런: 오븐브레이크,아케이드,네이버 웹툰 - Naver Webtoon,만화,왕이되는자,롤플레잉,프린세스 커넥트! Re:Dive,롤플레잉,검은사막 모바일,롤플레잉,기적의 검,롤플레잉,메이플스토리M,롤플레잉,SERIES - 네이버 시리즈,도서/참고자료,Spectre 카메라,oto & Video,The White Door,어드벤처,"PLOT - 플롯, 나의 이야기",oto & Video,메몽 Memong,,Plague Inc. (전염병 주식회사),시뮬레이션,Stardew Valley,롤플레잉
18,Analog Jeju,oto & Video,Forest: 집중하기,생산성,Plague Inc. (전염병 주식회사),시뮬레이션,Football Manager 2019 Mobile,스포츠,Facetune - 무광고 버전,사진,레이튼 교수와 악마의 상자 모바일 HD 리마스터,어드벤처,Facetune - 무광고 버전,사진,농장 스토리,전략,Analog Brooklyn,oto & Video,Facetune - 무광고 버전,사진,미니 메트로,시뮬레이션,유니콘:광고차단 필수 앱,생산성,갓피플성경,도서/참고자료,농구리그 스토리,스포츠,Analog Budapest,oto & Video,@yoojinkim wallpapers,,@yoojinkim wallpapers,,Night of the Full Moon,전략
19,원더쇼핑:인기쇼핑몰/핫딜/여행쿠폰/웹툰/위메프투어/위메프페이,쇼핑,Netflix(넷플릭스),엔터테인먼트,TikTok 틱톡,동영상 플레이어/편집기,Run Race 3D,스포츠,토스,금융,Netflix(넷플릭스),엔터테인먼트,손오공디펜스,전략,배달요기요,식음료,당근마켓 - 우리 동네 중고 직거래 벼룩장터,쇼핑,카카오톡 KakaoTalk,커뮤니케이션,YouTube,동영상 플레이어/편집기,"네이버 지도, 내비게이션",여행 및 지역정보,Forest: 집중하기,생산성,Analog Jeju,oto & Video,Analog Brooklyn,oto & Video,Journey,mily,구닥,사진,@yoojinkim wallpapers,
20,스피릿위시,롤플레잉,로드 모바일: 제국의 전쟁 - MMORPG,전략,FIFA ONLINE 4 M by EA SPORTS™,스포츠,wavve(웨이브) - 재미의 파도를 타다!,엔터테인먼트,메이플스토리M,롤플레잉,SERIES - 네이버 시리즈,도서/참고자료,검은사막 모바일,롤플레잉,BTS WORLD,캐주얼 게임,기적의 검,롤플레잉,일곱 개의 대죄: GRAND CROSS,롤플레잉,리니지2M(12),롤플레잉,원피스 트레저 크루즈,롤플레잉,SOVS - 촬영부탁 필수앱,사진,Pou,캐주얼 게임,Monument Valley,퍼즐,Hero Siege: 포켓 에디션,롤플레잉,Space Marshals,액션,Slay the Spire,
21,Analog London,oto & Video,Analog London,oto & Video,Minecraft,아케이드,삼국지 한말패업,전략,Forest: 집중하기,생산성,Analog Jeju,oto & Video,Analog Seoul,oto & Video,FILCA - SLR 필름 카메라,oto & Video,Stardew Valley,롤플레잉,구닥,사진,LumaFusion,oto & Video,마녀의 샘4,롤플레잉,구닥,사진,Getting Over It with Bennett Foddy,시뮬레이션,Facetune - 무광고 버전,사진,Kingdom: New Lands,전략,Juicy Realm,롤플레잉,NBA 2K20,스포츠
22,국세청 홈택스,도구,배달의민족,식음료,Netflix(넷플릭스),엔터테인먼트,재벌 양성기 3,mulation,SODA 소다 - Natural Beauty Camera,사진,i-ONE Bank - IBK기업은행,금융,배달요기요,식음료,토스,금융,쌍삼국지,롤플레잉,카카오뱅크 - 같지만 다른 은행,금융,V LIVE,엔터테인먼트,카카오뱅크 - 같지만 다른 은행,금융,Geometry Dash,아케이드,Facetune - 무광고 버전,사진,Analog Jeju,oto & Video,Facetune - 무광고 버전,사진,Football Manager 2020 Mobile,스포츠,Facetune - 무광고 버전,사진
23,wavve(웨이브) - 재미의 파도를 타다!,엔터테인먼트,Netflix(넷플릭스),엔터테인먼트,이사만루2019,스포츠,MARVEL 퓨처파이트,롤플레잉,SERIES - 네이버 시리즈,도서/참고자료,검은사막 모바일,롤플레잉,랑그릿사,전략,SERIES - 네이버 시리즈,도서/참고자료,왓챠플레이,엔터테인먼트,프린세스 커넥트! Re:Dive,롤플레잉,프린세스 커넥트! Re:Dive,롤플레잉,메이플스토리M,롤플레잉,kirakira+,oto & Video,갓피플성경,도서/참고자료,FocusTimer Pro - 공부 습관이 바뀌는 앱,생산성,구닥,사진,Insaniquarium! Deluxe,,구닥,사진
24,Alto s Odyssey,액션,Rummikub,보드,Analog Jeju,oto & Video,Plague Inc. (전염병 주식회사),시뮬레이션,FILCA - SLR 필름 카메라,oto & Video,Analog London,oto & Video,Plague Inc. (전염병 주식회사),시뮬레이션,Analog London,oto & Video,유니콘:광고차단 필수 앱,생산성,SOVS - 촬영부탁 필수앱,사진,STAY: Are you there?,venture,Analog Brooklyn,oto & Video,DEEMO,음악,kirakira+,oto & Video,CamScanner+,oductivity,Analog Budapest,oto & Video,포켓 빌드,시뮬레이션,서울 2033 : 후원자,어드벤처
25,YouTube,동영상 플레이어/편집기,YouTube,동영상 플레이어/편집기,YouTube,동영상 플레이어/편집기,바이오인증 공동앱,금융,SOVS2 - 포즈 카메라,oto & Video,TikTok 틱톡,동영상 플레이어/편집기,Battle Disc,시뮬레이션,에이블리 - 셀럽마켓 모음앱,쇼핑,배달의민족,식음료,Netflix(넷플릭스),엔터테인먼트,Instagram,소셜,TikTok 틱톡,동영상 플레이어/편집기,Getting Over It with Bennett Foddy,시뮬레이션,@yoojinkim wallpapers,,갓피플성경,도서/참고자료,ilSang Pro,oto & Video,CamScanner+,oductivity,아이언 마린 (Iron Marines),전략
26,서머너즈 워: 천공의 아레나,롤플레잉,SERIES - 네이버 시리즈,도서/참고자료,wavve(웨이브) - 재미의 파도를 타다!,엔터테인먼트,SERIES - 네이버 시리즈,도서/참고자료,리니지2 레볼루션,롤플레잉,로한M,롤플레잉,궁수의 전설,액션,황제라 칭하라,롤플레잉,랑그릿사,전략,wavve(웨이브) - 재미의 파도를 타다!,엔터테인먼트,브롤스타즈,액션,삼국지M,전략,CamScanner+,oductivity,NBA 2K20,스포츠,구닥,사진,nPlayer - The best media player,tertainment,갓피플성경,도서/참고자료,CamScanner+,oductivity
27,구닥,사진,구닥,사진,Analog London,oto & Video,Analog Seoul,oto & Video,Isoland,venture,Analog Seoul,oto & Video,FILCA - SLR 필름 카메라,oto & Video,워터파크 스토리,시뮬레이션,Alien: Blackout,tion,Geometry Dash,아케이드,Filmica,oto & Video,갓피플성경,도서/참고자료,Facetune - 무광고 버전,사진,DEEMO,음악,SOVS - 촬영부탁 필수앱,사진,갓피플성경,도서/참고자료,Analog Budapest,oto & Video,"PLOT - 플롯, 나의 이야기",oto & Video
28,브롤스타즈,액션,토스,금융,카카오톡 KakaoTalk,커뮤니케이션,Chrome: 빠르고 안전한 브라우저,커뮤니케이션,Rummikub,보드,Polysphere,아케이드,프랭크워즈(Prank Wars) - 기막히는 장난전화,시뮬레이션,골든나이츠 유니버스,롤플레잉,으라차차 돌격 라그나로크,롤플레잉,네이버 - NAVER,도서/참고자료,"네이버 지도, 내비게이션",여행 및 지역정보,Rummikub,보드,Analog Budapest,oto & Video,구닥,사진,Analog Seoul,oto & Video,서울 2033 : 후원자,어드벤처,nPlayer - The best media player,tertainment,Pascal s Wager,
29,뱅드림! 걸즈 밴드 파티!,음악,모두의마블,보드,프린세스 커넥트! Re:Dive,롤플레잉,린: 더 라이트브링어,롤플레잉,블리치 Mobile 3D,롤플레잉,왕이되는자,롤플레잉,멜론,음악/오디오,왕이되는자,롤플레잉,메이플스토리M,롤플레잉,황제라 칭하라,롤플레잉,기적의 검,롤플레잉,황제라 칭하라,롤플레잉,Analog London,oto & Video,FINAL FANTASY III,롤플레잉,Isoland,venture,FocusTimer Pro - 공부 습관이 바뀌는 앱,생산성,NewBorder - 뉴보더 여백의 미,oto & Video,nPlayer - The best media player,tertainment
30,Rummikub,보드,Facetune - 무광고 버전,사진,Rummikub,보드,데이그램 - 하루 한줄 일기장,라이프스타일,구닥,사진,아이언 마린 (Iron Marines),전략,레이튼 교수와 악마의 상자 모바일 HD 리마스터,어드벤처,Analog Seoul,oto & Video,FILCA - SLR 필름 카메라,oto & Video,"Peace, Death!",아케이드,포켓 빌드,시뮬레이션,구닥,사진,Analog Seoul,oto & Video,Analog Seoul,oto & Video,Analog London,oto & Video,Mr Pumpkin 2: Walls of Kowloon,,"Peace, Death!",아케이드,Analog Seoul,oto & Video
31,Crowd City,아케이드,오늘의집 - 700만이 선택한 No.1 인테리어 필수앱,부동산/홈 인테리어,Meitu 메이투 - 뷰티 셀카 / 동영상 기능 / 재밌는 보정 / 사진 편집,사진,콘트라: 리턴즈,액션,maybe-메이비:내가 만드는 이야기,시뮬레이션,아리엘,롤플레잉,Fun Race 3D,엔터테인먼트,한게임 포커,카지노,리치리치,시뮬레이션,SRT - 수서고속철도(NEW),여행 및 지역정보,(New) 우리은행 우리WON뱅킹,금융,카카오톡 KakaoTalk,커뮤니케이션,Analog Jeju,oto & Video,Rebel Inc. (반란 주식회사),시뮬레이션,SleepTown: 건강한 수면 습관 익히기,alth & Fitness,CHRONO TRIGGER (Upgrade Ver.),롤플레잉,FocusTimer Pro - 공부 습관이 바뀌는 앱,생산성,Geometry Dash,아케이드
32,신명,롤플레잉,킹스레이드,롤플레잉,세븐나이츠,롤플레잉,왓챠플레이,엔터테인먼트,wavve(웨이브) - 재미의 파도를 타다!,엔터테인먼트,삼국지M,전략,메이플스토리M,롤플레잉,메이플스토리M,롤플레잉,삼국지M,전략,배틀그라운드,액션,라플라스M,롤플레잉,왓챠플레이,엔터테인먼트,Notability,oductivity,ilSang Pro,oto & Video,"하루하루 - 필수 시간관리 앱, 위젯으로 간편한 체크",oductivity,Pirates Outlaws,카드,"하루하루 - 필수 시간관리 앱, 위젯으로 간편한 체크",oductivity,NewBorder - 뉴보더 여백의 미,oto & Video
33,유니콘:광고차단 필수 앱,생산성,Analog Portland,oto & Video,Feica - 나의 첫번째 필름 카메라,oto & Video,구닥,사진,Analog London,oto & Video,Analog Budapest,oto & Video,위대한 정복자: 로마,전략,Football Manager 2019 Mobile,스포츠,Analog Seoul,oto & Video,포켓 빌드,시뮬레이션,SOVS - 촬영부탁 필수앱,사진,DEEMO,음악,nPlayer - The best media player,tertainment,Puffin Browser Pro,커뮤니케이션,Splendor,보드,Analog Brooklyn,oto & Video,The White Door,어드벤처,AdGuard Pro - adblock and privacy protection,ilities
34,오늘의집 - 700만이 선택한 No.1 인테리어 필수앱,부동산/홈 인테리어,Chrome: 빠르고 안전한 브라우저,커뮤니케이션,Cube Escape: Paradox KR,zzle,국세청 홈택스,도구,Draw it,아케이드,Auto Chess,전략,i-ONE Bank - IBK기업은행,금융,Sand Balls,퍼즐,던전앤어비스: 방치형 RPG,롤플레잉,피망 뉴맞고 : 고스톱으로 대한민국 1등,카드,쿠팡 (Coupang),쇼핑,닌자대전,롤플레잉,마녀의 샘4,롤플레잉,CamScanner+,oductivity,Human: Fall Flat,퍼즐,Puffin Browser Pro,커뮤니케이션,Analog Jeju,oto & Video,DEEMO,음악
35,왓챠플레이,엔터테인먼트,배틀그라운드,액션,배틀그라운드,액션,블리치 - 사신 격투,롤플레잉,이사만루2019,스포츠,메이플스토리M,롤플레잉,wavve(웨이브) - 재미의 파도를 타다!,엔터테인먼트,Pokémon Masters,롤플레잉,쿠키런: 오븐브레이크,아케이드,달빛조각사,롤플레잉,왕이되는자,롤플레잉,샤이닝라이트,롤플레잉,Puffin Browser Pro,커뮤니케이션,언노운 나이츠,롤플레잉,DEEMO,음악,NewBorder - 뉴보더 여백의 미,oto & Video,DEEMO,음악,Insaniquarium! Deluxe,
36,Facetune - 무광고 버전,사진,Analog Acoustic,oto & Video,Facetune - 무광고 버전,사진,Analog London,oto & Video,Analog Budapest,oto & Video,레이튼 교수와 이상한 마을 HD,어드벤처,8-STEP 영어회화 - 패턴 영어 회화 능력을 향상시키세요.,ucation,Forest: 집중하기,생산성,Analog London,oto & Video,GoodNotes 5,oductivity,Human Anatomy Atlas 2017 Edition - Complete 3D Human Body,dical,ilSang Pro,oto & Video,"편한가계부 (+음성, PC)",금융,Analog Budapest,oto & Video,The White Door,어드벤처,kirakira+,oto & Video,"편한가계부 (+음성, PC)",금융,Juicy Realm,롤플레잉
37,카카오톡 KakaoTalk,커뮤니케이션,네이버 - NAVER,도서/참고자료,NH스마트뱅킹,금융,CGV,엔터테인먼트,올리브영,쇼핑,"야놀자 - 국내 및 해외 호텔, 모텔, 펜션, 게하, 레저/티켓, 최대 80% 할인",여행 및 지역정보,Instagram,소셜,Google,도구,Paint The Maze,,"VLLO (구 Vimo / 비모) - 동영상 편집 어플, Vlog 편집 배속 어플",동영상 플레이어/편집기,브랜디 - 여성들의 쇼핑맛집,쇼핑,"카카오 T - 택시, 대리운전, 주차, 내비, 카풀, 바이크",지도/내비게이션,Flashcards Deluxe,교육,Beat Cop,tion,레이튼 교수와 이상한 마을 HD,어드벤처,Analog Jeju,oto & Video,kirakira+,oto & Video,Analog Brooklyn,oto & Video
38,다크에덴M,롤플레잉,황제라 칭하라,롤플레잉,컴투스프로야구2020,스포츠,로드 모바일: 제국의 전쟁 - MMORPG,전략,트라하,롤플레잉,왓챠플레이,엔터테인먼트,배틀그라운드,액션,킹 오브 파이터 올스타,액션,리니지M(12),롤플레잉,궁수의 전설,액션,멜론,음악/오디오,뇌명천하,롤플레잉,"PLOT - 플롯, 나의 이야기",oto & Video,Geometry Dash,아케이드,Geometry Dash,아케이드,Feica - 나의 첫번째 필름 카메라,oto & Video,"PLOT - 플롯, 나의 이야기",oto & Video,Dead Cells,
39,Analog Beijing,oto & Video,Analog Beijing,oto & Video,레드호른가의 탐정,어드벤처,ilSang Pro,oto & Video,미니 메트로,시뮬레이션,Rummikub,보드,Severed,tion,ilSang Pro,oto & Video,백화점 스토리2,시뮬레이션,CamScanner+,oductivity,Raid Manager,,Monument Valley,퍼즐,FILCA - SLR 필름 카메라,oto & Video,Analog London,oto & Video,"편한가계부 (+음성, PC)",금융,Wordmaster 워드마스터 수능 2000(18개정),ucation,Poly Bridge,zzle,Puffin Browser Pro,커뮤니케이션
40,TikTok 틱톡,동영상 플레이어/편집기,[공식]고속버스 티머니,지도/내비게이션,네이버 - NAVER,도서/참고자료,"네이버 지도, 내비게이션",여행 및 지역정보,0한동,라이프스타일,쿠팡 (Coupang),쇼핑,당근마켓 - 우리 동네 중고 직거래 벼룩장터,쇼핑,Instagram,소셜,셀렉트숍 무신사 - SELECT SHOP MUSINSA,쇼핑,Hunter Assassin,액션,카카오뱅크 - 같지만 다른 은행,금융,오늘의집 - 700만이 선택한 No.1 인테리어 필수앱,부동산/홈 인테리어,Beholder 2,,nPlayer - The best media player,tertainment,kirakira+,oto & Video,NBA 2K20,스포츠,Analog Brooklyn,oto & Video,Analog Jeju,oto & Video
41,아리엘,롤플레잉,멜론,음악/오디오,왓챠플레이,엔터테인먼트,메이플스토리M,롤플레잉,Netflix(넷플릭스),엔터테인먼트,이사만루2019,스포츠,서머너즈 워: 천공의 아레나,롤플레잉,멜론,음악/오디오,Netflix(넷플릭스),엔터테인먼트,메이플스토리M,롤플레잉,클래시 오브 클랜,전략,멜론,음악/오디오,Feica - 나의 첫번째 필름 카메라,oto & Video,FiLMiC Pro: 프로 HD 수동 비디오 카메라 어플,사진,Analog Portland,oto & Video,Analog London,oto & Video,서울 2033 : 후원자,어드벤처,Feica - 나의 첫번째 필름 카메라,oto & Video
42,kirakira+,oto & Video,Poly Bridge,zzle,Analog Portland,oto & Video,CHRONO TRIGGER (Upgrade Ver.),롤플레잉,nPlayer - The best media player,tertainment,구닥,사진,Feica - 나의 첫번째 필름 카메라,oto & Video,지겨워하지마: VIP (방치형 RPG 게임),롤플레잉,Analog Budapest,oto & Video,ilSang Pro,oto & Video,Analog Seoul,oto & Video,재벌도시 스토리,캐주얼 게임,Analog Portland,oto & Video,포켓 빌드,시뮬레이션,nPlayer - The best media player,tertainment,Analog Seoul,oto & Video,Feica - 나의 첫번째 필름 카메라,oto & Video,"편한가계부 (+음성, PC)",금융
43,지도,여행 및 지역정보,Color Bump 3D,아케이드,Gentle Sniper,아케이드,YouTube,동영상 플레이어/편집기,Chrome: 빠르고 안전한 브라우저,커뮤니케이션,PayProtocol Wallet(페이 프로토콜) - PCI(페이코인) 결제/송금,금융,TikTok 틱톡,동영상 플레이어/편집기,카카오뱅크 - 같지만 다른 은행,금융,쿠팡 (Coupang),쇼핑,"네이버 지도, 내비게이션",여행 및 지역정보,네이버 웹툰 - Naver Webtoon,만화,배달요기요,식음료,"하루하루 - 필수 시간관리 앱, 위젯으로 간편한 체크",oductivity,Rummikub,보드,NewBorder - 뉴보더 여백의 미,oto & Video,Isoland,venture,Geometry Dash,아케이드,Kingdom Rush Origins,전략
44,메이플스토리M,롤플레잉,벅스 - Bugs,음악/오디오,라스트 쉘터 (Last Shelter: Survival),전략,스푼 라디오 - Be A LIVE,음악/오디오,멜론,음악/오디오,Netflix(넷플릭스),엔터테인먼트,로한M,롤플레잉,쿠키런: 오븐브레이크,아케이드,BTS WORLD,캐주얼 게임,삼국지M,전략,붕괴3rd,액션,검은사막 모바일,롤플레잉,포켓 빌드,시뮬레이션,Dead Cells,,Kipkam,alth & Fitness,"편한가계부 (+음성, PC)",금융,NBA 2K20,스포츠,Procreate Pocket,tertainment
45,레이튼 교수와 이상한 마을 HD,어드벤처,ilSang Pro,oto & Video,My Child Lebensborn,mulation,Kingdom Rush Frontiers,전략,Analog Portland,oto & Video,카툰 크래프트,전략,ilSang Pro,oto & Video,8-STEP 영어회화 - 패턴 영어 회화 능력을 향상시키세요.,ucation,Kingdom Rush Frontiers,전략,kirakira+,oto & Video,구닥,사진,Alto s Odyssey,액션,Rusty Lake Hotel KR,venture,Feica - 나의 첫번째 필름 카메라,oto & Video,Do Not Feed the Monkeys,,The White Door,어드벤처,Human: Fall Flat,퍼즐,Wordmaster 워드마스터 수능 2000(18개정),ucation
46,위메프 - 특가대표 (특가 / 쇼핑 / 쇼핑앱 / 쿠폰 / 배송),쇼핑,네이버 파파고 - AI 통번역,도구,Facebook,소셜,Instagram,소셜,UNIQLO KR,라이프스타일,"카카오 T - 택시, 대리운전, 주차, 내비, 카풀, 바이크",지도/내비게이션,카카오뱅크 - 같지만 다른 은행,금융,트리플 - 해외여행 가이드,여행 및 지역정보,Xprofile,도구,Icing On The Cake,시뮬레이션,LIFEPLUS,라이프스타일,Disc Hopper,,개념 한국사,교육,Ski Safari 2,아케이드,TouchRetouch,사진,SOVS - 촬영부탁 필수앱,사진,Procreate Pocket,tertainment,금손카메라,
47,아이러브니키,시뮬레이션,세븐나이츠,롤플레잉,로드 모바일: 제국의 전쟁 - MMORPG,전략,원피스 트레저 크루즈,롤플레잉,배틀그라운드,액션,탈리온,롤플레잉,꿈의 집 (Homescapes),캐주얼 게임,궁수의 전설,액션,파천: 신이 되는 자,롤플레잉,꿈의 집 (Homescapes),캐주얼 게임,스푼 라디오 - Be A LIVE,음악/오디오,ANOTHER EDEN 시공을 넘는 고양이,롤플레잉,Terraria,어드벤처,"하루하루 - 필수 시간관리 앱, 위젯으로 간편한 체크",oductivity,Feica - 나의 첫번째 필름 카메라,oto & Video,Geometry Dash,아케이드,Streaks,alth & Fitness,ilSang Pro,oto & Video
48,Space Marshals,액션,Cute Emoticon Keyboard,cial Networking,Pirates Outlaws,카드,세븐데이즈 - 라이트 노벨 어드벤처 .스토리 선택 게임,어드벤처,Geometry Dash,아케이드,Analog Portland,oto & Video,kirakira+,oto & Video,kirakira+,oto & Video,"편한가계부 (+음성, PC)",금융,Pirates Outlaws,카드,Analog London,oto & Video,kirakira+,oto & Video,Analog Acoustic,oto & Video,"편한가계부 (+음성, PC)",금융,NBA 2K20,스포츠,위플 가계부,nance,Rusty Lake Hotel KR,venture,서울 2033 : 유시진,어드벤처
49,배틀그라운드,액션,Facebook,소셜,"카카오 T - 택시, 대리운전, 주차, 내비, 카풀, 바이크",지도/내비게이션,Turbo VPN Private Browser,oductivity,네이버 파파고 - AI 통번역,도구,당근마켓 - 우리 동네 중고 직거래 벼룩장터,쇼핑,위플리 Weply,쇼핑,오늘의집 - 700만이 선택한 No.1 인테리어 필수앱,부동산/홈 인테리어,"카카오 T - 택시, 대리운전, 주차, 내비, 카풀, 바이크",지도/내비게이션,배달요기요,식음료,배달요기요,식음료,국방모바일보안,비즈니스,Dead Cells,,Doodle God™,퍼즐,위플 가계부,nance,To the Moon,롤플레잉,Alien: Blackout,tion,포켓 빌드,시뮬레이션
50,세븐나이츠,롤플레잉,스푼 라디오 - Be A LIVE,음악/오디오,꿈의 집 (Homescapes),캐주얼 게임,라이프애프터,어드벤처,왓챠플레이,엔터테인먼트,꿈의 집 (Homescapes),캐주얼 게임,페이트/그랜드 오더,롤플레잉,로한M,롤플레잉,한게임 포커,카지노,스푼 라디오 - Be A LIVE,음악/오디오,달빛조각사,롤플레잉,랜덤 다이스(Random Dice) : PvP 디펜스,전략,FiLMiC Pro: 프로 HD 수동 비디오 카메라 어플,사진,"PLOT - 플롯, 나의 이야기",oto & Video,Getting Over It with Bennett Foddy,시뮬레이션,Notability,oductivity,Rusty Lake Paradise KR,venture,Streaks,alth & Fitness
51,Poly Bridge,zzle,FocusTimer Pro - 공부 습관이 바뀌는 앱,생산성,Kingdom Rush Frontiers,전략,LumaFusion,oto & Video,DEEMO,음악,Analog Beijing,oto & Video,룸즈: 장난감 장인의 저택,퍼즐,Geometry Dash,아케이드,레이튼 교수와 이상한 마을 HD,어드벤처,DEEMO,음악,kirakira+,oto & Video,Hidden Folks,venture,삼국지 한말패업,전략,Terraria,어드벤처,레이튼 교수와 악마의 상자 모바일 HD 리마스터,어드벤처,레이튼 교수와 악마의 상자 모바일 HD 리마스터,어드벤처,Goblin Sword,le Playing,FiLMiC Pro: 프로 HD 수동 비디오 카메라 어플,사진
52,Facebook,소셜,밴드,소셜,멜론,음악/오디오,토스,금융,NH스마트뱅킹,금융,NAVER VIBE (바이브),음악/오디오,코레일톡,여행 및 지역정보,카카오톡 KakaoTalk,커뮤니케이션,서울자전거 따릉이 (Seoul Public Bike),지도/내비게이션,멜론,음악/오디오,NH스마트뱅킹,금융,BlockuDoku - 블록 퍼즐,,Wordmaster 워드마스터 수능 2000(18개정),ucation,European War 6: 1914,,RFS - Real Flight Simulator,시뮬레이션,"PLOT - 플롯, 나의 이야기",oto & Video,SleepTown: 건강한 수면 습관 익히기,alth & Fitness,60 Seconds! Atomic Adventure,어드벤처
53,헌드레드 소울,액션,아리엘,롤플레잉,"아자르 Azar -라이브로 친구찾기, 영상메신저",커뮤니케이션,"아자르 Azar -라이브로 친구찾기, 영상메신저",커뮤니케이션,"아자르 Azar -라이브로 친구찾기, 영상메신저",커뮤니케이션,클래시 오브 클랜,전략,스푼 라디오 - Be A LIVE,음악/오디오,붕괴3rd,액션,킹 오브 파이터 올스타,액션,위피 - 동네 친구가 필요할 때,소셜,클래시 로얄,전략,"아자르 Azar -라이브로 친구찾기, 영상메신저",커뮤니케이션,서울 2033 : 후원자,어드벤처,Alien: Blackout,tion,Notability,oductivity,Mr. Pumpkin Adventure HD,rategy,Rusty Lake: Roots KR,venture,미니 메트로,시뮬레이션
54,ilSang Pro,oto & Video,무디 - 영화/드라마 포토 다이어리,festyle,Cute Emoticon Keyboard,cial Networking,Hidden Folks,venture,Shadow Of Death: Premium Games,le Playing,FocusTimer Pro - 공부 습관이 바뀌는 앱,생산성,개념 한국사,교육,TouchRetouch,사진,오투잼 - 뮤직 & 게임,,Football Manager 2019 Mobile,스포츠,Terraria,어드벤처,데이그램 - 하루 한줄 일기장,라이프스타일,레이튼 교수와 악마의 상자 모바일 HD 리마스터,어드벤처,FocusTimer Pro - 공부 습관이 바뀌는 앱,생산성,룸즈: 장난감 장인의 저택,퍼즐,FiLMiC Pro: 프로 HD 수동 비디오 카메라 어플,사진,Worms 4,전략,The White Door,어드벤처
55,"직방 - 2,800만명이 선택한 No.1 부동산 앱(아파트,분양,원룸,오피스텔,빌라,상가)",부동산/홈 인테리어,마켓컬리-내일의 장보기,식음료,재벌 양성기 3,mulation,에이블리 - 셀럽마켓 모음앱,쇼핑,Netflix(넷플릭스),엔터테인먼트,Cooking Chef,ivia,[공식]시외버스 티머니,지도/내비게이션,셀렉트숍 무신사 - SELECT SHOP MUSINSA,쇼핑,FLO – 플로,음악/오디오,브랜디 - 여성들의 쇼핑맛집,쇼핑,Messenger,커뮤니케이션,"여기어때 - 호텔, 모텔, 펜션, 캠핑, 게하, 액티비티 최저가 예약!",여행 및 지역정보,Analog Beijing,oto & Video,NewBorder - 뉴보더 여백의 미,oto & Video,Hidden Through Time,,SleepTown: 건강한 수면 습관 익히기,alth & Fitness,레이튼 교수와 악마의 상자 모바일 HD 리마스터,어드벤처,FocusTimer Pro - 공부 습관이 바뀌는 앱,생산성
56,마피아 시티,전략,서머너즈 워: 천공의 아레나,롤플레잉,다크에덴M,롤플레잉,벅스 - Bugs,음악/오디오,벅스 - Bugs,음악/오디오,Pokémon GO,어드벤처,이사만루2019,스포츠,위피 - 동네 친구가 필요할 때,소셜,컴투스프로야구2020,스포츠,리니지M(12),롤플레잉,황제라 칭하라,롤플레잉,스푼 라디오 - Be A LIVE,음악/오디오,FocusTimer Pro - 공부 습관이 바뀌는 앱,생산성,길고양이 이야기 : support edition,어드벤처,Wordmaster 워드마스터 수능 2000(18개정),ucation,Kingdom Two Crowns,,NeuralCam - Night Mode Camera,,Marvis Pro,sic
57,DEEMO,음악,Reigns,카드,Analog Beijing,oto & Video,Rebel Inc. (반란 주식회사),시뮬레이션,ilSang Pro,oto & Video,Analog Acoustic,oto & Video,Geometry Dash,아케이드,GRIS,venture,Rummikub,보드,Forest: 집중하기,생산성,에버테일,롤플레잉,Analog Seoul,oto & Video,위젯 캘린더,festyle,위젯 캘린더,festyle,Streaks,alth & Fitness,Getting Over It with Bennett Foddy,시뮬레이션,Puffin Browser Pro,커뮤니케이션,한국사 능력,ucation
58,[공식]시외버스 티머니,지도/내비게이션,"카카오 T - 택시, 대리운전, 주차, 내비, 카풀, 바이크",지도/내비게이션,배틀그라운드,액션,롯데시네마,엔터테인먼트,잼라이브 (JAM LIVE) - 라이브 예능&쇼핑,엔터테인먼트,Blast Punk!,캐주얼 게임,카카오톡 KakaoTalk,커뮤니케이션,아이디어스(idus) - 핸드메이드/수공예 장터,쇼핑,네이버 파파고 - AI 통번역,도구,유니콘 HTTPS 우회앱 -  안전하고 빠른 HTTPS/SNI 차단 우회앱,도구,킹 오브 타워,전략,알바몬 맞춤알바,"비즈니스
  (일 경과)",위플 가계부,nance,Tank Hero,아케이드,Analog Acoustic,oto & Video,Analog Portland,oto & Video,Analog London,oto & Video,kirakira+,oto & Video
59,벅스 - Bugs,음악/오디오,꿈의 집 (Homescapes),캐주얼 게임,크레이지아케이드 BnB M,아케이드,꿈의 집 (Homescapes),캐주얼 게임,세븐나이츠,롤플레잉,벅스 - Bugs,음악/오디오,위피 - 동네 친구가 필요할 때,소셜,꿈의 집 (Homescapes),캐주얼 게임,벅스 - Bugs,음악/오디오,라스트 쉘터 (Last Shelter: Survival),전략,"아자르 Azar -라이브로 친구찾기, 영상메신저",커뮤니케이션,붕괴3rd,액션,Streaks,alth & Fitness,Analog Acoustic,oto & Video,Beholder,어드벤처,"하루하루 - 필수 시간관리 앱, 위젯으로 간편한 체크",oductivity,던전 서바이벌,롤플레잉,Analog London,oto & Video
60,GoodNotes 4 - 메모와 PDF,oductivity,LumaFusion,oto & Video,GoodNotes 4 - 메모와 PDF,oductivity,Dokuro,액션,Cute Emoticon Keyboard,cial Networking,Human: Fall Flat,퍼즐,Pirates Outlaws,카드,nPlayer - The best media player,tertainment,Analog Acoustic,oto & Video,"편한가계부 (+음성, PC)",금융,Doodle Jump,아케이드,"편한가계부 (+음성, PC)",금융,SleepTown: 건강한 수면 습관 익히기,alth & Fitness,Alto s Odyssey,액션,Analog Beijing,oto & Video,삼국지 한말패업,전략,Draw Chilly,,Song of Bloom,
61,Messenger,커뮤니케이션,지도,여행 및 지역정보,Zenly 젠리 - 친한 친구끼리,소셜,브롤스타즈,액션,"VLLO (구 Vimo / 비모) - 동영상 편집 어플, Vlog 편집 배속 어플",동영상 플레이어/편집기,Soccer Table," (일 경과)
-

","VLLO (구 Vimo / 비모) - 동영상 편집 어플, Vlog 편집 배속 어플",동영상 플레이어/편집기,아이돌마스터 밀리언 라이브! 시어터 데이즈,음악,브랜디 - 여성들의 쇼핑맛집,쇼핑,Messenger,커뮤니케이션,Rummikub,보드,"번개장터 - 모바일 최대 중고마켓 앱(중고나라,중고차)",쇼핑,ilSang Pro,oto & Video,투넘버 문자,festyle,Euclidean Skies,venture,Streaks,alth & Fitness,미루,,킹덤 러쉬 벤전스 (Kingdom Rush Vengeance),전략
62,다음웹툰 - DAUM WEBTOON,만화,아만다: 눈 높아도 괜찮은 프리미엄 소개팅,소셜,피버 바스켓,스포츠,갓 오브 하이스쿨,롤플레잉,ONE PIECE Bounty Rush,액션,컴투스프로야구2020,스포츠,Guns of Glory: 왕을 위한 장대한 군대 구축,전략,세븐나이츠,롤플레잉,Tinder 새로운 친구를 발견해봐,라이프스타일,꿈의 정원 (Gardenscapes),캐주얼 게임,하쿠나 라이브 -  Live 방송,엔터테인먼트,꿈의 정원 (Gardenscapes),캐주얼 게임,Rummikub,보드,Doodle Jump,아케이드,FiLMiC Pro: 프로 HD 수동 비디오 카메라 어플,사진,사진청소기 - 사진/비디오 중복 삭제 및 앨범 압축,oto & Video,Analog Seoul,oto & Video,Analog Budapest,oto & Video
63,갓피플성경,도서/참고자료,사진청소기 - 사진/비디오 중복 삭제 및 앨범 압축,oto & Video,레이튼 교수와 이상한 마을 HD,어드벤처,레이튼 교수와 이상한 마을 HD,어드벤처,Very Little Nightmares,venture,"Peace, Death!",아케이드,Terraria,어드벤처,Wordmaster 워드마스터 수능 2000(18개정),ucation,NewBorder - 뉴보더 여백의 미,oto & Video,Puffin Browser Pro,커뮤니케이션,GoodNotes 4 - 메모와 PDF,oductivity,Analog Portland,oto & Video,미니 메트로,시뮬레이션,Incredibox,음악,Puffin Browser Pro,커뮤니케이션,Rummikub,보드,Getting Over It with Bennett Foddy,시뮬레이션,삼국지 한말패업,전략
64,SNOW 스노우,사진,카카오맵 - 대한민국 No.1 지도앱 ( 지도 / 내비게이션 / 대중교통 / 로드뷰 ),여행 및 지역정보,점과박자 (Dot n Beat)-손의 속도 테스트,음악,네이버 파파고 - AI 통번역,도구,Merge Planes Go Idle Tap Mania. Best Puzzle Game.,"퍼즐
  (일 경과)",Snapchat,소셜,쿠팡이츠 - 맛있는 음식을 빠르고 편하게,식음료,TikTok 틱톡,동영상 플레이어/편집기,"직방 - 2,800만명이 선택한 No.1 부동산 앱(아파트,분양,원룸,오피스텔,빌라,상가)",부동산/홈 인테리어,Chrome: 빠르고 안전한 브라우저,커뮤니케이션,카카오맵 - 대한민국 No.1 지도앱 ( 지도 / 내비게이션 / 대중교통 / 로드뷰 ),여행 및 지역정보,Johnny Trigger,액션,Doodle Jump,아케이드,데이그램 - 하루 한줄 일기장,라이프스타일,BFT - Bear Focus Timer,ilities,Alook 브라우저 - 2 배속,ilities,던전메이커,전략,미루,
65,"아자르 Azar -라이브로 친구찾기, 영상메신저",커뮤니케이션,클래시 오브 클랜,전략,클래시 오브 클랜,전략,컴투스프로야구2020,스포츠,아이러브니키,시뮬레이션,서머너즈 워: 천공의 아레나,롤플레잉,글램 - 모든 매력적인 만남,데이트,페이트/그랜드 오더,롤플레잉,이사만루2019,스포츠,"아자르 Azar -라이브로 친구찾기, 영상메신저",커뮤니케이션,라스트 쉘터 (Last Shelter: Survival),전략,배틀그라운드,액션,Rusty Lake: Roots KR,venture,Analog Portland,oto & Video,ilSang Pro,oto & Video,CAMERA0 - 무음 고화질 매너 카메라 앱,,Splendor,보드,FILCA - SLR 필름 카메라,oto & Video
66,FiLMiC Pro: 프로 HD 수동 비디오 카메라 어플,사진,DEEMO,음악,RUUD,oto & Video,Feica - 나의 첫번째 필름 카메라,oto & Video,"하루 계획표, 학교종이",festyle,"하루하루 - 필수 시간관리 앱, 위젯으로 간편한 체크",oductivity,데이그램 - 하루 한줄 일기장,라이프스타일,레이튼 교수와 악마의 상자 모바일 HD 리마스터,어드벤처,데이그램 - 하루 한줄 일기장,라이프스타일,레이튼 교수와 악마의 상자 모바일 HD 리마스터,어드벤처,레이튼 교수와 악마의 상자 모바일 HD 리마스터,어드벤처,아이언 마린 (Iron Marines),전략,FEELT,oto & Video,Notability,oductivity,서울 2033 : 후원자,어드벤처,"Peace, Death!",아케이드,마녀의 샘4,롤플레잉,Splendor,보드
67,스텔라M,롤플레잉,위메프 - 특가대표 (특가 / 쇼핑 / 쇼핑앱 / 쿠폰 / 배송),쇼핑,Mr Bullet - 스파이 퍼즐,퍼즐,카카오페이지 KakaoPage,도서/참고자료,ISP/페이북,금융,Draw it,아케이드,네이버 파파고 - AI 통번역,도구,"VLLO (구 Vimo / 비모) - 동영상 편집 어플, Vlog 편집 배속 어플",동영상 플레이어/편집기,TheDayBefore (디데이 위젯),라이프스타일,"번개장터 - 모바일 최대 중고마켓 앱(중고나라,중고차)",쇼핑,ISP/페이북,금융,Chrome: 빠르고 안전한 브라우저,커뮤니케이션,오투잼 - 뮤직 & 게임,,Vector for iPhone,cade,사진청소기 - 사진/비디오 중복 삭제 및 앨범 압축,oto & Video,FINAL FANTASY VI,롤플레잉,Dead Cells,,SOVS - 촬영부탁 필수앱,사진
68,신삼국지 모바일-코에이 테크모 인증,전략,밀리의 서재 - 독서와 무제한 친해지리,도서/참고자료,레이드: 그림자의 전설,롤플레잉,V LIVE,엔터테인먼트,아르카,롤플레잉,진룡삼국,전략,피버 바스켓,스포츠,희비전,롤플레잉,모두의마블,보드,봉인의서,롤플레잉,eFootball PES 2020,스포츠,벅스 - Bugs,음악/오디오,NewBorder - 뉴보더 여백의 미,oto & Video,Human: Fall Flat,퍼즐,Rusty Lake Hotel KR,venture,LumaFusion,oto & Video,TouchRetouch,사진,The Almost Gone,
69,nPlayer - The best media player,tertainment,Hidden Folks,venture,갓피플성경,도서/참고자료,Analog Acoustic,oto & Video,FocusTimer Pro - 공부 습관이 바뀌는 앱,생산성,Cute Emoticon Keyboard,cial Networking,레이튼 교수와 이상한 마을 HD,어드벤처,LumaFusion,oto & Video,FocusTimer Pro - 공부 습관이 바뀌는 앱,생산성,RFS - Real Flight Simulator,시뮬레이션,Undead Horde,,Reigns,카드,레이튼 교수와 이상한 마을 HD,어드벤처,TouchRetouch,사진,Flashcards Deluxe,교육,Alien: Blackout,tion,Alook 브라우저 - 2 배속,ilities,데이그램 - 하루 한줄 일기장,라이프스타일
70,한국장학재단,교육,알바천국- 알바 구인구직 포털서비스,비즈니스,Chrome: 빠르고 안전한 브라우저,커뮤니케이션,오늘의집 - 700만이 선택한 No.1 인테리어 필수앱,부동산/홈 인테리어,"네이버 지도, 내비게이션",여행 및 지역정보,오늘의집 - 700만이 선택한 No.1 인테리어 필수앱,부동산/홈 인테리어,ISP/페이북,금융,[공식]시외버스 티머니,지도/내비게이션,나우(NOW) : REMEET,롤플레잉,i-ONE Bank - IBK기업은행,금융,Puffin Browser Lite,,Messenger,커뮤니케이션,Blink - 빠른 메모 블링크,oductivity,오투잼 - 뮤직 & 게임,,봄날 - Season Camera (시즌카메라),사진,MyToday,festyle,FiLMiC Pro: 프로 HD 수동 비디오 카메라 어플,사진,Kingdom Rush Frontiers,전략
71,프렌즈마블,보드,에픽세븐,롤플레잉,다음웹툰 - DAUM WEBTOON,만화,Tinder 새로운 친구를 발견해봐,라이프스타일,아만다: 눈 높아도 괜찮은 프리미엄 소개팅,소셜,파천: 신이 되는 자,롤플레잉,프렌즈타운,퍼즐,Idle Heroes - 아이들 히어로즈,롤플레잉,다음웹툰 - DAUM WEBTOON,만화,한게임 섯다,카드,랑그릿사,전략,오늘도 우라라 원시 헌팅 라이프,롤플레잉,기획사 스토리♪,시뮬레이션,던전 서바이벌,롤플레잉,"계획표는, 동그라미 - 일정관리 앱과 위젯",,European War 6: 1914,,RFS - Real Flight Simulator,시뮬레이션,Rebel Inc. (반란 주식회사),시뮬레이션
72,Stardew Valley,롤플레잉,"하루 계획표, 학교종이",festyle,FocusTimer Pro - 공부 습관이 바뀌는 앱,생산성,Analog Beijing,oto & Video,사진청소기 - 사진/비디오 중복 삭제 및 앨범 압축,oto & Video,Age of Civilizations II,전략,Age of Civilizations II,전략,레이튼 교수와 이상한 마을 HD,어드벤처,Cute Emoticon Keyboard,cial Networking,Doodle Jump,아케이드,RFS - Real Flight Simulator,시뮬레이션,My Child Lebensborn,mulation,ProCam 2 - 카메라와 사진 / 동영상 에디터,oto & Video,Aquarium Tycoon,,오투잼 - 뮤직 & 게임,,Procreate Pocket,tertainment,백점+,tertainment,TouchRetouch,사진
73,다방 - 대한민국 부동산 매물 최다보유,부동산/홈 인테리어,트리플 - 해외여행 가이드,여행 및 지역정보,"네이버 지도, 내비게이션",여행 및 지역정보,NAVER VIBE (바이브),음악/오디오,SRT - 수서고속철도(NEW),여행 및 지역정보,Jetpack Jump,아케이드,NAVER VIBE (바이브),음악/오디오,Messenger,커뮤니케이션,모바일 관세청,비즈니스,TheDayBefore (디데이 위젯),라이프스타일,지니 뮤직 - genie,음악/오디오,[공식]고속버스 티머니,지도/내비게이션,Alook 브라우저 - 2 배속,ilities,To the Moon,롤플레잉,迷失岛3宇宙的尘埃,,데이그램 - 하루 한줄 일기장,라이프스타일,데이그램 - 하루 한줄 일기장,라이프스타일,RightFont,
74,아만다: 눈 높아도 괜찮은 프리미엄 소개팅,소셜,프렌즈마블,보드,아만다: 눈 높아도 괜찮은 프리미엄 소개팅,소셜,꿈의 정원 (Gardenscapes),캐주얼 게임,진룡삼국,전략,다음웹툰 - DAUM WEBTOON,만화,파천: 신이 되는 자,롤플레잉,다음웹툰 - DAUM WEBTOON,만화,아이러브니키,시뮬레이션,킹 오브 파이터 올스타,액션,오늘도 우라라 원시 헌팅 라이프,롤플레잉,하쿠나 라이브 -  Live 방송,엔터테인먼트,Agent A - 숨겨진 퍼즐,퍼즐,사진청소기 - 사진/비디오 중복 삭제 및 앨범 압축,oto & Video,Poly Bridge,zzle,Bloons TD 6,전략,Hyper Light Drifter,,오투잼 - 뮤직 & 게임,
75,"하루 계획표, 학교종이",festyle,R-Play - PS4를 위한 리모트 플레이,tertainment,"편한가계부 (+음성, PC)",금융,위젯 캘린더,festyle,Analog Acoustic,oto & Video,LumaFusion,oto & Video,Bloons TD 5,전략,DEEMO,음악,던전공주,롤플레잉,Terraria,어드벤처,Hidden Folks,venture,VV Clock,,Song of Bloom,,Kingdom Rush Frontiers,전략,RightFont,,RightFont,,FEELT,oto & Video,Notability,oductivity
76,셀렉트숍 무신사 - SELECT SHOP MUSINSA,쇼핑,Party.io,tion,Dream Piano - Music Game,음악,셀렉트숍 무신사 - SELECT SHOP MUSINSA,쇼핑,Facebook,소셜,CGV,엔터테인먼트,"카카오 T - 택시, 대리운전, 주차, 내비, 카풀, 바이크",지도/내비게이션,카카오맵 - 대한민국 No.1 지도앱 ( 지도 / 내비게이션 / 대중교통 / 로드뷰 ),여행 및 지역정보,네이버 - NAVER,도서/참고자료,밴드,소셜,SRT - 수서고속철도(NEW),여행 및 지역정보,wavve(웨이브) - 재미의 파도를 타다!,엔터테인먼트,Amazing Frog?,tion,Wordmaster 워드마스터 수능 2000(18개정),ucation,Hero Siege: 포켓 에디션,롤플레잉,Age of Civilizations II,전략,60 Seconds! Atomic Adventure,어드벤처,BADLAND,어드벤처
77,운명의 사랑:궁,롤플레잉,창세기전 : 안타리아의 전쟁,롤플레잉,뮤오리진2,롤플레잉,프린세스 커넥트! Re:Dive,롤플레잉,Tinder 새로운 친구를 발견해봐,라이프스타일,아르카,롤플레잉,컴투스프로야구2020,스포츠,트라하,롤플레잉,테라 클래식,롤플레잉,글램 - 모든 매력적인 만남,데이트,벅스 - Bugs,음악/오디오,랑그릿사,전략,"BookTree: 도서 관리, 밑줄 및 독서 노트",oks,마녀의 샘4,롤플레잉,TEDICT - TED로 영어를 배우세요,교육,Rebel Inc. (반란 주식회사),시뮬레이션,The Room: Old Sins,퍼즐,Word master 워드마스터 수능 2000(개정),교육
78,부라보 사진기,oto & Video,FiLMiC Pro: 프로 HD 수동 비디오 카메라 어플,사진,미니 메트로,시뮬레이션,뷰포트 (Viewport),퍼즐,ZAPAN - 자판,oto & Video,Feica - 나의 첫번째 필름 카메라,oto & Video,FocusTimer Pro - 공부 습관이 바뀌는 앱,생산성,우리말 공부,교육,DEEMO,음악,Membership Widget Pro,nance,Kingdom Rush Frontiers,전략,FocusTimer Pro - 공부 습관이 바뀌는 앱,생산성,Muse Dash,음악,Alto s Adventure,액션,연락처++ (그룹관리/초성검색다이얼/백업/메일/메시지/정리),ilities,FINAL FANTASY III,롤플레잉,Analog Beijing,oto & Video,Membership Widget Pro,nance
79,Party.io,tion,고 슬라이스,퍼즐,0한동,라이프스타일,Puffin Web Browser,커뮤니케이션,Puffin Web Browser,커뮤니케이션,로한M,롤플레잉,지도,여행 및 지역정보,Candy Splash - Blast Sugar,mily,쿵야 캐치마인드,퀴즈,지니 뮤직 - genie,음악/오디오,스타벅스,엔터테인먼트,카카오맵 - 대한민국 No.1 지도앱 ( 지도 / 내비게이션 / 대중교통 / 로드뷰 ),여행 및 지역정보,Pou,캐주얼 게임,Splendor,보드,Bloons TD 6,전략,Human: Fall Flat,퍼즐,Analog Acoustic,oto & Video,지겨워하지마: VIP (방치형 RPG 게임),롤플레잉
80,Fate Predict: 미래 예측,tertainment,갓 오브 하이스쿨,롤플레잉,스피릿위시,롤플레잉,강림 : 망령인도자,롤플레잉,로드 모바일: 제국의 전쟁 - MMORPG,전략,별이되어라!,롤플레잉,궁정계,롤플레잉,MLB 9이닝스 20,스포츠,서머너즈 워: 천공의 아레나,롤플레잉,심쿵 소개팅 - 동네 이성친구 사귀기,소셜,배틀그라운드,액션,eFootball PES 2020,스포츠,Procreate Pocket,tertainment,Florence,퍼즐,위젯 캘린더,festyle,Instax - Instant Photo Maker,oto & Video,NightCap Pro,oto & Video,Bloons TD 6,전략
81,트윈프린세스,mulation,"PLOT - 플롯, 나의 이야기",oto & Video,"지피지기 (사주,운세,궁합,토정비결,이름,해몽)",라이프스타일,iReal Pro ? 음악 책 & 합주,sic,용사민박,시뮬레이션,To the Moon,롤플레잉,Moment - Pro Camera,oto & Video,길고양이 이야기 : support edition,어드벤처,개념 한국사,교육,Isoland,venture,후엠아이: 도로시 이야기,시뮬레이션,Feica - 나의 첫번째 필름 카메라,oto & Video,60 Seconds! Atomic Adventure,어드벤처,Pulse Oximeter - Heart and Oxygen Monitor App - with Health and HealthKit Integration,alth & Fitness,데이그램 - 하루 한줄 일기장,라이프스타일,Splendor,보드,레이튼 교수와 이상한 마을 HD,어드벤처,True Skate,스포츠
82,추억의 식당 이야기 심금을 울리는 추억 시리즈,시뮬레이션,"폴라리스 오피스 - 무료 한글, 오피스 문서 + PDF,  텍스트 뷰어",생산성,"미세미세 - 미세먼지, WHO기준, 알람, 위젯, 날씨, 지도",날씨,SSG.COM,쇼핑,"야놀자 - 국내 및 해외 호텔, 모텔, 펜션, 게하, 레저/티켓, 최대 80% 할인",여행 및 지역정보,바이러스 워 - 우주 슈팅 게임,아케이드,CGV,엔터테인먼트,NH스마트뱅킹,금융,Messenger,커뮤니케이션,신한 쏠(SOL) – 신한은행 스마트폰뱅킹,금융,"VLLO (구 Vimo / 비모) - 동영상 편집 어플, Vlog 편집 배속 어플",동영상 플레이어/편집기,멜론,음악/오디오,Rusty Lake Paradise KR,venture,PL@Y - 프리미엄 티켓북,festyle,Blink - 빠른 메모 블링크,oductivity,미로섬2: 시간의 잿더미,퍼즐,Bloons TD 6,전략,레이튼 교수와 악마의 상자 모바일 HD 리마스터,어드벤처
83,위 베어 베어스 더 퍼즐,퍼즐,페이트/그랜드 오더,롤플레잉,하스스톤,카드,마피아 시티,전략,붕괴3rd,액션,뱅드림! 걸즈 밴드 파티!,음악,스카이피플 (스피) : 서울대생이 만든 인증을 통한 안전한 소개팅 + 직장인 익명 커뮤니티,데이트,라스트 쉘터 (Last Shelter: Survival),전략,으라차차 돌격 라그나로크,롤플레잉,모두의마블,보드,꿈의 집 (Homescapes),캐주얼 게임,Tinder 새로운 친구를 발견해봐,라이프스타일,Human: Fall Flat,퍼즐,워터파크 스토리,시뮬레이션,FEELT,oto & Video,Monument Valley 2,퍼즐,언노운 나이츠,롤플레잉,Duologue,
84,The Room Three,venture,Nexomon,le Playing,SleepTown: 건강한 수면 습관 익히기,alth & Fitness,포모도로,oductivity,뷰포트 (Viewport),퍼즐,"편한가계부 (+음성, PC)",금융,온더훅 : 더 얼티밋 패트론 에디션,시뮬레이션,NewBorder - 뉴보더 여백의 미,oto & Video,SleepTown: 건강한 수면 습관 익히기,alth & Fitness,Hidden Folks,venture,Dead Cells,,Wordmaster 워드마스터 수능 2000(18개정),ucation,NightCap Pro,oto & Video,연락처++ (그룹관리/초성검색다이얼/백업/메일/메시지/정리),ilities,MyToday,festyle,Cytus,아케이드,RightFont,,CampNight - 자연의 소리 수면 타이머,
85,네이버 클라우드 - NAVER Cloud,생산성,알바몬 맞춤알바,"비즈니스
  (일 경과)",네이버 파파고 - AI 통번역,도구,라이프애프터,어드벤처,다이소 멤버십,라이프스타일,신령의숲,롤플레잉,SKY - 빛의 아이들,롤플레잉,코레일톡,여행 및 지역정보,지니 뮤직 - genie,음악/오디오,T world,라이프스타일,국세청 홈택스,도구,[공식]시외버스 티머니,지도/내비게이션,8-STEP 영어회화 - 패턴 영어 회화 능력을 향상시키세요.,ucation,FEELT,oto & Video,Rummikub,보드,Analog Beijing,oto & Video,Tempo - Metronome 메트로놈,sic,PL@Y - 프리미엄 티켓북,festyle
86,라스트 쉐도우 (Last Shadow),롤플레잉,냥코 대전쟁,캐주얼 게임,모바일 레전드: Bang Bang,액션,헌드레드 소울,액션,라이프애프터,어드벤처,강림 : 망령인도자,롤플레잉,위 베어 베어스 더 퍼즐,퍼즐,영원한 7일의 도시,롤플레잉,꿈의 정원 (Gardenscapes),캐주얼 게임,Idle Heroes - 아이들 히어로즈,롤플레잉,궁수의 전설,액션,정오의 데이트,소셜,TouchRetouch,사진,Poly Bridge,zzle,길고양이 이야기 : support edition,어드벤처,VINYL - Kyoto,,DRAGON QUEST,롤플레잉,던전공주,롤플레잉
87,"PLOT - 플롯, 나의 이야기",oto & Video,워터파크 스토리,시뮬레이션,Phone Doctor Plus,도구,워터파크 스토리,시뮬레이션,iReal Pro ? 음악 책 & 합주,sic,던전공주,롤플레잉,영단어 완전학습 - 사전 & 단어장,ucation,Analog Beijing,oto & Video,워터파크 스토리,시뮬레이션,TouchRetouch,사진,위대한 정복자: 로마,전략,"하루하루 - 필수 시간관리 앱, 위젯으로 간편한 체크",oductivity,Tempo - Metronome 메트로놈,sic,마녀의 샘,롤플레잉,Agent A - 숨겨진 퍼즐,퍼즐,Membership Widget Pro,nance,만화와 텍스트 - TXT 와 압축파일(+ PDF) 뷰어,oks,Alien: Blackout,tion
88,NH스마트뱅킹,금융,"직방 - 2,800만명이 선택한 No.1 부동산 앱(아파트,분양,원룸,오피스텔,빌라,상가)",부동산/홈 인테리어,Cube Escape: Harvey s Box KR,zzle,Facebook,소셜,"카카오 T - 택시, 대리운전, 주차, 내비, 카풀, 바이크",지도/내비게이션,Facebook,소셜,Messenger,커뮤니케이션,카카오페이지 KakaoPage,도서/참고자료,카카오톡 KakaoTalk,커뮤니케이션,피망 섯다,카드,FLO – 플로,음악/오디오,유니콘 HTTPS 우회앱 -  안전하고 빠른 HTTPS/SNI 차단 우회앱,도구,European War 6: 1914,,Rusty Lake Hotel KR,venture,iReal Pro ? 음악 책 & 합주,sic,TouchRetouch,사진,삼국지 한말패업,전략,LumaFusion,oto & Video
89,"스와이프 - 세상의 모든 만남, 소개팅앱 1위!",라이프스타일,운명의 사랑:궁,롤플레잉,인공지능 소개팅 애나 - 목소리도 듣고 분석도 하고,소셜,"극한직업:RICH-재벌 키우기 전략 SRPG, 독창적인 시뮬레이션 게임",시뮬레이션,클래시 로얄,전략,Guns of Glory: 왕을 위한 장대한 군대 구축,전략,별이되어라!,롤플레잉,보스레이브,"롤플레잉
  (일 경과)",피망 뉴맞고 : 고스톱으로 대한민국 1등,카드,마피아 시티,전략,꿈의 정원 (Gardenscapes),캐주얼 게임,닌자대전,롤플레잉,Pirates Outlaws,카드,Old Man s Journey,어드벤처,European War 6: 1914,,회독JLPT,ucation,Terraria,어드벤처,The Room: Old Sins,퍼즐
90,박코치 학습기,ucation,히트맨 스나이퍼 (Hitman Sniper),액션,Florence,퍼즐,Filmica,oto & Video,Spectre 카메라,oto & Video,Shadow Of Death: Premium Games,le Playing,영화공방 스토리,시뮬레이션,FiLMiC Pro: 프로 HD 수동 비디오 카메라 어플,사진,GoodNotes 5,oductivity,Cytus II (사이터스Ⅱ),음악,AdGuard Pro - adblock and privacy protection,ilities,NewBorder - 뉴보더 여백의 미,oto & Video,한국사 능력,ucation,Isoland,venture,Euclidean Lands,venture,Calculator,ucation,BADLAND,어드벤처,레이튼 교수와 이상한 마을 HD,어드벤처
91,"\ufeff스카이스캐너 – 항공권,호텔,렌터카 최저가 비교 예약",여행 및 지역정보,"번개장터 - 모바일 최대 중고마켓 앱(중고나라,중고차)",쇼핑,에이블리 - 셀럽마켓 모음앱,쇼핑,[공식]고속버스 티머니,지도/내비게이션,오늘의집 - 700만이 선택한 No.1 인테리어 필수앱,부동산/홈 인테리어,Chrome: 빠르고 안전한 브라우저,커뮤니케이션,Facebook,소셜,ISP/페이북,금융,코레일톡,여행 및 지역정보,Rummikub,보드,[공식]고속버스 티머니,지도/내비게이션,Shadow of Death: 다크니스 RPG - 지금 싸움을,액션,Tank Hero,아케이드,RFS - Real Flight Simulator,시뮬레이션,Cute Emoticon Keyboard,cial Networking,Analog Acoustic,oto & Video,Calculator,ucation,Alook 브라우저 - 2 배속,ilities
92,열렙전사:방치형RPG with NAVER WEBTOON,롤플레잉,라스트 쉘터 (Last Shelter: Survival),전략,페이트/그랜드 오더,롤플레잉,뮤오리진2,롤플레잉,꿈의 정원 (Gardenscapes),캐주얼 게임,"극한직업:RICH-재벌 키우기 전략 SRPG, 독창적인 시뮬레이션 게임",시뮬레이션,마피아42,전략,아만다: 눈 높아도 괜찮은 프리미엄 소개팅,소셜,로드 모바일: 제국의 전쟁 - MMORPG,전략,삼국지:디펜스의 신,전략,엠파이어 & 퍼즐 (Empires & Puzzles),롤플레잉,모두의마블,보드,우리말 공부,ucation,삼국지 한말패업,전략,"BookTree: 도서 관리, 밑줄 및 독서 노트",oks,RollerCoaster Tycoon® Classic,시뮬레이션,오드마,어드벤처,위플 가계부,nance
93,Night of the Full Moon,전략,Time Timer,oductivity,"하루 계획표, 학교종이",festyle,위플 가계부,nance,ProCam 2 - 카메라와 사진 / 동영상 에디터,oto & Video,개념 한국사,교육,사진청소기 - 사진/비디오 중복 삭제 및 앨범 압축,oto & Video,Pirates Outlaws,카드,FiLMiC Pro: 프로 HD 수동 비디오 카메라 어플,사진,사진청소기 - 사진/비디오 중복 삭제 및 앨범 압축,oto & Video,FiLMiC Pro: 프로 HD 수동 비디오 카메라 어플,사진,미니 메트로,시뮬레이션,사진청소기 - 사진/비디오 중복 삭제 및 앨범 압축,oto & Video,FILCA - SLR 필름 카메라,oto & Video,Terraria,어드벤처,"전국여행지도 - 에이든, 국내여행지 1000개 총정리",,Analog Portland,oto & Video,WolframAlpha,도서/참고자료
94,Kingpin Bowling,mily,글로리,롤플레잉,Cube Escape: The Mill KR,venture,SNOW 스노우,사진,AMAZE!,퍼즐,ISP/페이북,금융,잼라이브 (JAM LIVE) - 라이브 예능&쇼핑,엔터테인먼트,해피포인트,라이프스타일,[공식]시외버스 티머니,지도/내비게이션,코레일톡,여행 및 지역정보,KB국민은행 스타뱅킹,금융,트리플 - 해외여행 가이드,여행 및 지역정보,Bloons TD 6,전략,Cytus II (사이터스Ⅱ),음악,폴라리스 오피스 5 (POLARIS Office 5) - 마이크로소프트 오피스 문서 편집,oductivity,Tempo - Metronome 메트로놈,sic,FILCA - SLR 필름 카메라,oto & Video,Portal Knights,어드벤처
95,꿈의 집 (Homescapes),캐주얼 게임,정오의 데이트,소셜,Pokémon GO,어드벤처,맨트라-원티드,롤플레잉,소녀전선,롤플레잉,모바일 레전드: Bang Bang,액션,블리치 Mobile 3D,롤플레잉,MARVEL 퓨처파이트,롤플레잉,원피스 트레저 크루즈,롤플레잉,세인트 세이야 : 각성,카드,랜덤 다이스(Random Dice) : PvP 디펜스,전략,글램 - 모든 매력적인 만남,데이트,RFS - Real Flight Simulator,시뮬레이션,던전메이커,전략,WolframAlpha,도서/참고자료,"BookTree: 도서 관리, 밑줄 및 독서 노트",oks,위플 가계부,nance,"지피지기 (사주,운세,궁합,토정비결,이름,해몽)",라이프스타일
96,온더훅 : 더 얼티밋 패트론 에디션,시뮬레이션,Cytus II (사이터스Ⅱ),음악,마녀의 샘3,롤플레잉,"편한가계부 (+음성, PC)",금융,"nPlayer - 무인코딩, 스트리밍 동영상 재생 플레이어",tertainment,CamScanner+,oductivity,던전 서바이벌,롤플레잉,한국사 능력,ucation,Human: Fall Flat,퍼즐,Analog Beijing,oto & Video,"PLOT - 플롯, 나의 이야기",oto & Video,부라보 사진기,oto & Video,Membership Widget Pro,nance,서울 2033 : 후원자,어드벤처,The Room Three,venture,R-Play - PS4를 위한 리모트 플레이,tertainment,LumaFusion,oto & Video,마녀의 샘,롤플레잉
97,프렌즈레이싱,자동차 경주,네이버 웹툰 - Naver Webtoon,만화,이사만루2019,스포츠,Messenger,커뮤니케이션,카카오맵 - 대한민국 No.1 지도앱 ( 지도 / 내비게이션 / 대중교통 / 로드뷰 ),여행 및 지역정보,Zenly 젠리 - 친한 친구끼리,소셜,카카오맵 - 대한민국 No.1 지도앱 ( 지도 / 내비게이션 / 대중교통 / 로드뷰 ),여행 및 지역정보,서울자전거 따릉이 (Seoul Public Bike),지도/내비게이션,Cool Goal!,아케이드,"폴라리스 오피스 - 무료 한글, 오피스 문서 + PDF,  텍스트 뷰어",생산성,밴드,소셜,SRT - 수서고속철도(NEW),여행 및 지역정보,Ski Safari,아케이드,Cute Emoticon Keyboard,cial Networking,겨울날 - Season Camera (시즌카메라),사진,Word master 워드마스터 수능 2000(개정),교육,Street Fighter IV CE,cade,Terraria,어드벤처
98,글로리,롤플레잉,포트리스M,액션,"스와이프 - 세상의 모든 만남, 소개팅앱 1위!",라이프스타일,드래곤캠프 (Merge Dragons!),퍼즐,레이븐 : FESTIVAL,롤플레잉,프렌즈타운,퍼즐,Idle Heroes - 아이들 히어로즈,롤플레잉,아이돌마스터 밀리언 라이브! 시어터 데이즈,음악,V LIVE,엔터테인먼트,"피망 포커: 카지노 로얄 (7포커, 로우바둑이, 하이로우)",카지노,레이드: 그림자의 전설,롤플레잉,심쿵 소개팅 - 동네 이성친구 사귀기,소셜,언투다이2 (Earn to Die 2),자동차 경주,Rusty Lake: Roots KR,venture,이태리사진관,oto & Video,PL@Y - 프리미엄 티켓북,festyle,폴라리스 오피스 5 (POLARIS Office 5) - 마이크로소프트 오피스 문서 편집,oductivity,BADLAND 2,어드벤처
99,Geometry Dash,아케이드,턴제 SRPG - 세번째기적,롤플레잉,로그하츠,롤플레잉,Goblin Sword,le Playing,AVStreamer - 고성능 원격제어 + 영화/TV/웹캠 스트리밍,oductivity,미니 메트로,시뮬레이션,TEDICT - TED로 영어를 배우세요,교육,데이그램 - 하루 한줄 일기장,라이프스타일,위플 가계부,nance,FondFont: Install System Fonts,ilities,Analog Acoustic,oto & Video,RFS - Real Flight Simulator,시뮬레이션,Kingdom Rush Frontiers,전략,hocus.,퍼즐,Muse Dash,음악,Pascal s Wager,,Don t Starve: Pocket Edition,어드벤처,Bloons TD 5,전략
100,카카오맵 - 대한민국 No.1 지도앱 ( 지도 / 내비게이션 / 대중교통 / 로드뷰 ),여행 및 지역정보,"키즈노트::유치원,어린이집,학원 필수 앱!",커뮤니케이션,Puffin Web Browser,커뮤니케이션,"VLLO (구 Vimo / 비모) - 동영상 편집 어플, Vlog 편집 배속 어플",동영상 플레이어/편집기,지도,여행 및 지역정보,알바천국- 알바 구인구직 포털서비스,비즈니스,웰컴디지털뱅크,nance,그립(GRIP) - 라이브 쇼핑,쇼핑,한게임 포커,카지노,TikTok 틱톡,동영상 플레이어/편집기,네이버 파파고 - AI 통번역,도구,밴드,소셜,,,,,,,,,,,,
101,V LIVE,엔터테인먼트,모바일 레전드: Bang Bang,액션,냥코 대전쟁,캐주얼 게임,정오의 데이트,소셜,피버 바스켓,스포츠,아만다: 눈 높아도 괜찮은 프리미엄 소개팅,소셜,"당연시 - 당신도 연애를 시작할 때♡, 미팅/소개팅/동네 친구 찾기",소셜,"피망 포커: 카지노 로얄 (7포커, 로우바둑이, 하이로우)",카지노,리치리치,시뮬레이션,테니스 클래시: 재미있는 스포츠 게임,스포츠,마피아42,전략,얼티밋 테니스,스포츠,,,,,,,,,,,,
102,Cytus II (사이터스Ⅱ),음악,Splendor,보드,FiLMiC Pro: 프로 HD 수동 비디오 카메라 어플,사진,"nPlayer - 무인코딩, 스트리밍 동영상 재생 플레이어",tertainment,이스텔리아 스토리,롤플레잉,FiLMiC Pro: 프로 HD 수동 비디오 카메라 어플,사진,TouchRetouch,사진,Cute Emoticon Keyboard,cial Networking,Reigns,카드,지겨워하지마: VIP (방치형 RPG 게임),롤플레잉,Goblin Sword,le Playing,서울 2033 : 후원자,어드벤처,,,,,,,,,,,,
103,"카카오 T - 택시, 대리운전, 주차, 내비, 카풀, 바이크",지도/내비게이션,히든프라이스 - 공동구매 / 특가 / 쇼핑,쇼핑,[공식]시외버스 티머니,지도/내비게이션,"여기어때 - 호텔, 모텔, 펜션, 캠핑, 게하, 액티비티 최저가 예약!",여행 및 지역정보,Nonogram.com - 노노그램 클래식 게임,ard,Wish - 쇼핑은 즐겁다,쇼핑,위버스 - Weverse,소셜,모두의마블,보드,Wish - 쇼핑은 즐겁다,쇼핑,에버랜드,엔터테인먼트,지도,여행 및 지역정보,Airbnb (에어비앤비) - 색다른 숙소 특별한 여행,여행 및 지역정보,,,,,,,,,,,,
104,스카이피플 (스피) : 서울대생이 만든 인증을 통한 안전한 소개팅 + 직장인 익명 커뮤니티,데이트,오늘도 환생,롤플레잉,드래곤 스카이 - 슈팅 방치형 RPG,롤플레잉,"당연시 - 당신도 연애를 시작할 때♡, 미팅/소개팅/동네 친구 찾기",소셜,강림 : 망령인도자,롤플레잉,라스트 쉘터 (Last Shelter: Survival),전략,앙톡 - 랜덤채팅 친구와 채팅하자,cial Networking,정오의 데이트,소셜,밀리의 서재 - 독서와 무제한 친해지리,도서/참고자료,SERIES ON - 네이버 시리즈 ON,동영상 플레이어/편집기,MLB 9이닝스 20,스포츠,SERIES ON - 네이버 시리즈 ON,동영상 플레이어/편집기,,,,,,,,,,,,
105,Candleman:find yourself,액션,Quotes: 명언을 위젯과 워치에서,ucation,Dkon,oto & Video,Spectre 카메라,oto & Video,Absolute Drift,자동차 경주,Ski Safari 2,아케이드,8mm Vintage Camera,oto & Video,CamScanner+,oductivity,Splendor,보드,Analog Acoustic,oto & Video,Do Not Feed the Monkeys,,FEELT,oto & Video,,,,,,,,,,,,
106,"번개장터 - 모바일 최대 중고마켓 앱(중고나라,중고차)",쇼핑,롯데월드 어드벤처,엔터테인먼트,"여기어때 - 호텔, 모텔, 펜션, 캠핑, 게하, 액티비티 최저가 예약!",여행 및 지역정보,"직방 - 2,800만명이 선택한 No.1 부동산 앱(아파트,분양,원룸,오피스텔,빌라,상가)",부동산/홈 인테리어,"번개장터 - 모바일 최대 중고마켓 앱(중고나라,중고차)",쇼핑,멍멍 초성퀴즈 : 강아지 키우기,퀴즈,"직방 - 2,800만명이 선택한 No.1 부동산 앱(아파트,분양,원룸,오피스텔,빌라,상가)",부동산/홈 인테리어,MOING,,에버랜드,엔터테인먼트,"직방 - 2,800만명이 선택한 No.1 부동산 앱(아파트,분양,원룸,오피스텔,빌라,상가)",부동산/홈 인테리어,Google,도구,에브리타임 - 시간표 & 대학교 커뮤니티,소셜,,,,,,,,,,,,
107,별이되어라!,롤플레잉,컴투스프로야구2020,스포츠,꿈의 마을 (Township),캐주얼 게임,아이러브니키,시뮬레이션,마피아 시티,전략,정오의 데이트,소셜,정오의 데이트,소셜,위버스 - Weverse,소셜,별이되어라!,롤플레잉,Age of Z,전략,호카게 닌자 스톰,,"포스텔러 - 신년운세, 무료운세, 사주, 타로, 궁합, 토정비결, 별자리, 손금, 풍수",엔터테인먼트,,,,,,,,,,,,
108,세븐데이즈 - 라이트 노벨 어드벤처 .스토리 선택 게임,어드벤처,DRAGON QUEST,롤플레잉,페이카 교토 Filmlike Kyoto,oto & Video,GoodNotes 5,oductivity,Rockstars of Ooo - 어드벤처 타임 리듬 게임,sic,인증샷 - 사진에 시간&장소 인증,,Splendor,보드,Rebel Inc. (반란 주식회사),시뮬레이션,Love You to Bits,어드벤처,FILCA - SLR 필름 카메라,oto & Video,Poly Bridge,zzle,To the Moon,롤플레잉,,,,,,,,,,,,
109,네이버 웹툰 - Naver Webtoon,만화,신한 쏠(SOL) – 신한은행 스마트폰뱅킹,금융,지니 뮤직 - genie,음악/오디오,코레일톡,여행 및 지역정보,롯데시네마,엔터테인먼트,Gentle Sniper,아케이드,밴드,소셜,브랜디 - 여성들의 쇼핑맛집,쇼핑,네이버 클라우드 - NAVER Cloud,생산성,0한동,라이프스타일,쿠키런 for Kakao,어드벤처,TheDayBefore (디데이 위젯),라이프스타일,,,,,,,,,,,,
110,정오의 데이트,소셜,위피 - 동네 친구가 필요할 때,소셜,별이되어라!,롤플레잉,프리스타일2:플라잉덩크,스포츠,하스스톤,카드,오크: 종족의 계승자,롤플레잉,네이버 클라우드 - NAVER Cloud,생산성,"Bigo Live (비고라이브) – 라이브방송, 영상채팅",소셜,세븐나이츠,롤플레잉,MARVEL 퓨처파이트,롤플레잉,글램 - 모든 매력적인 만남,데이트,한게임 포커,카지노,,,,,,,,,,,,
111,마녀의 샘3,롤플레잉,iReal Pro ? 음악 책 & 합주,sic,Haus - 암기앱,ucation,NBA 2K19,스포츠,개념 한국사,교육,영화공방 스토리,시뮬레이션,투넘버 문자,festyle,Human: Fall Flat,퍼즐,Hidden Folks,venture,Bloons TD 6,전략,Notability,oductivity,"하루 계획표, 학교종이",festyle,,,,,,,,,,,,
112,에이블리 - 셀럽마켓 모음앱,쇼핑,롯데 ON - 롯데하이마트,쇼핑,캐시워크 - 적립형 만보기 첫화면,건강/운동,TheDayBefore (디데이 위젯),라이프스타일,"트립닷컴 - 전 세계 항공권, 호텔, 기차표 & 액티비티 특가 예약, 블록버스터급 여행앱",여행 및 지역정보,알바몬 맞춤알바,"비즈니스
  (일 경과)",알바몬 맞춤알바,"비즈니스
  (일 경과)",네이버 웹툰 - Naver Webtoon,만화,카카오페이,금융,Wish - 쇼핑은 즐겁다,쇼핑,CJ ONE,라이프스타일,무한의 계단,아케이드,,,,,,,,,,,,
113,크루세이더 퀘스트,롤플레잉,인공지능 소개팅 애나 - 목소리도 듣고 분석도 하고,소셜,밀리의 서재 - 독서와 무제한 친해지리,도서/참고자료,"스와이프 - 세상의 모든 만남, 소개팅앱 1위!",라이프스타일,레이더스,롤플레잉,"스와이프 - 세상의 모든 만남, 소개팅앱 1위!",라이프스타일,로드 모바일: 제국의 전쟁 - MMORPG,전략,피망 뉴맞고 : 고스톱으로 대한민국 1등,카드,프린세스 커넥트! Re:Dive,롤플레잉,Pokémon GO,어드벤처,Age of Z,전략,에픽세븐,롤플레잉,,,,,,,,,,,,
114,8-STEP 영어회화 - 패턴 영어 회화 능력을 향상시키세요.,ucation,Blink - 빠른 메모 블링크,oductivity,위플 가계부,nance,Bloons TD 6,전략,Age of Civilizations II,전략,삼국지 한말패업,전략,Rusty Lake Paradise KR,venture,에버테일,롤플레잉,OLDV - 80년대 티비에 내가 나온다면 ( 오래된 비디오 / 캠코더 영상),oto & Video,Hyper Light Drifter,,Human: Fall Flat,퍼즐,Ski Safari,아케이드,,,,,,,,,,,,
115,아프리카TV - AfreecaTV,동영상 플레이어/편집기,FLO – 플로,음악/오디오,지그재그 - No.1 여성쇼핑몰 모음앱,쇼핑,V LIVE,엔터테인먼트,FaceApp,사진,호갱노노,부동산/홈 인테리어,Zenly 젠리 - 친한 친구끼리,소셜,위메프 - 특가대표 (특가 / 쇼핑 / 쇼핑앱 / 쿠폰 / 배송),쇼핑,손오공디펜스,전략,아이디어스(idus) - 핸드메이드/수공예 장터,쇼핑,Words Fun : Word Connect game,zzle,Gmail,커뮤니케이션,,,,,,,,,,,,
116,파이널 판타지 XV: 새로운 제국 [Final Fantasy XV],전략,"당연시 - 당신도 연애를 시작할 때♡, 미팅/소개팅/동네 친구 찾기",소셜,클래시 로얄,전략,페이트/그랜드 오더,롤플레잉,삼국지킹덤디펜스,전략,스카이피플 (스피) : 서울대생이 만든 인증을 통한 안전한 소개팅 + 직장인 익명 커뮤니티,데이트,밀리의 서재 - 독서와 무제한 친해지리,도서/참고자료,모바일 레전드: Bang Bang,액션,MLB 9이닝스 20,스포츠,V LIVE,엔터테인먼트,"포스텔러 - 신년운세, 무료운세, 사주, 타로, 궁합, 토정비결, 별자리, 손금, 풍수",엔터테인먼트,위닝일레븐 클럽 매니저,스포츠,,,,,,,,,,,,
117,워터파크 스토리,시뮬레이션,Getting Over It with Bennett Foddy,시뮬레이션,Alook 브라우저 - 2 배속,ilities,Cytus,아케이드,The Gardens Between,zzle,위젯 캘린더,festyle,Tempo - Metronome 메트로놈,sic,"PLOT - 플롯, 나의 이야기",oto & Video,CamScanner+,oductivity,백화점 스토리2,시뮬레이션,감성공장,oductivity,PL@Y - 프리미엄 티켓북,festyle,,,,,,,,,,,,
118,T멤버십,라이프스타일,캐시워크 - 적립형 만보기 첫화면,건강/운동,코레일톡,여행 및 지역정보,네이버 클라우드 - NAVER Cloud,생산성,THE CAMP 대국민 국군 소통 서비스,커뮤니케이션,"Grab - Transport, Food Delivery, Payments",지도/내비게이션,Wish - 쇼핑은 즐겁다,쇼핑,지도,여행 및 지역정보,뱅크샐러드,금융,마켓컬리-내일의 장보기,식음료,공장 합병,퍼즐,"직방 - 2,800만명이 선택한 No.1 부동산 앱(아파트,분양,원룸,오피스텔,빌라,상가)",부동산/홈 인테리어,,,,,,,,,,,,
119,붕괴3rd,액션,뮤오리진2,롤플레잉,프렌즈팝콘,퍼즐,신삼국지 모바일-코에이 테크모 인증,전략,Pokémon GO,어드벤처,"당연시 - 당신도 연애를 시작할 때♡, 미팅/소개팅/동네 친구 찾기",소셜,컴투스프로야구매니저,스포츠,하라M,롤플레잉,Yu-Gi-Oh! Duel Links,카드,스카이피플 (스피) : 서울대생이 만든 인증을 통한 안전한 소개팅 + 직장인 익명 커뮤니티,데이트,세인트 세이야 : 각성,카드,한게임 섯다,카드,,,,,,,,,,,,
120,Folaroid,oto & Video,SleepTown: 건강한 수면 습관 익히기,alth & Fitness,LumaFusion,oto & Video,MyToday,festyle,Fly Gps - GO,tertainment,Phone Doctor Plus,도구,위젯 캘린더,festyle,"하루 계획표, 학교종이",festyle,ilSang Bom - DSLR 필터 카메라,oto & Video,WolframAlpha,도서/참고자료,Hyper Light Drifter,,마녀의 샘3,롤플레잉,,,,,,,,,,,,
121,카카오톡 치즈 - 친구와 함께 노는 카톡 카메라,사진,연습 맞고,보드,김씨협객전,"롤플레잉
  (일 경과)",지도,여행 및 지역정보,"직방 - 2,800만명이 선택한 No.1 부동산 앱(아파트,분양,원룸,오피스텔,빌라,상가)",부동산/홈 인테리어,네이버 클라우드 - NAVER Cloud,생산성,네이버 웹툰 - Naver Webtoon,만화,KB국민 앱카드,금융,YouTube Music,음악/오디오,Google 드라이브,생산성,CGV포토티켓,엔터테인먼트,마켓컬리-내일의 장보기,식음료,,,,,,,,,,,,
122,"당연시 - 당신도 연애를 시작할 때♡, 미팅/소개팅/동네 친구 찾기",소셜,스카이피플 (스피) : 서울대생이 만든 인증을 통한 안전한 소개팅 + 직장인 익명 커뮤니티,데이트,"당연시 - 당신도 연애를 시작할 때♡, 미팅/소개팅/동네 친구 찾기",소셜,"Bigo Live (비고라이브) – 라이브방송, 영상채팅",소셜,MLB 9이닝스 20,스포츠,블리치 - 사신 격투,롤플레잉,킹스레이드,롤플레잉,브라운더스트 - 9vs9 턴제 PvP,롤플레잉,하라M,롤플레잉,위닝일레븐 클럽 매니저,스포츠,한게임 섯다,카드,꿈의 마을 (Township),캐주얼 게임,,,,,,,,,,,,
123,RollerCoaster Tycoon® Classic,시뮬레이션,레플리카 ( Replica ),어드벤처,BringGo Korea,지도/내비게이션,TouchRetouch,사진,Infinite Flight - 비행 시뮬레이터,시뮬레이션,Rusty Lake: Roots KR,venture,Rush Rally 3,자동차 경주,5 STARS - 종합 리뷰 관리,oductivity,Pirates Outlaws,카드,Muse Dash,음악,부라보 사진기,oto & Video,킹덤 러쉬 벤전스 (Kingdom Rush Vengeance),전략,,,,,,,,,,,,
124,"PASS by U+(구, U+인증)",금융,카카오버스,지도/내비게이션,지도,여행 및 지역정보,브랜디 - 여성들의 쇼핑맛집,쇼핑,코레일톡,여행 및 지역정보,지니 뮤직 - genie,음악/오디오,네이버 클라우드 - NAVER Cloud,생산성,Gmail,커뮤니케이션,지그재그 - No.1 여성쇼핑몰 모음앱,쇼핑,마이 케이티,라이프스타일,TheDayBefore (디데이 위젯),라이프스타일,FLO – 플로,음악/오디오,,,,,,,,,,,,
125,데일리 판타지,롤플레잉,액스(AxE),롤플레잉,브라운더스트 - 9vs9 턴제 PvP,롤플레잉,라스트 쉘터 (Last Shelter: Survival),전략,신명,롤플레잉,MLB 퍼펙트 이닝 2019,스포츠,Toon Blast,퍼즐,피버 바스켓,스포츠,쌍삼국지,롤플레잉,ONE PIECE Bounty Rush,액션,한게임 포커,카지노,드래곤 스카이 - 슈팅 방치형 RPG,롤플레잉,,,,,,,,,,,,
126,LumaFusion,oto & Video,Beholder,어드벤처,개념 한국사,교육,FiLMiC Pro: 프로 HD 수동 비디오 카메라 어플,사진,마녀의 샘,롤플레잉,사진청소기 - 사진/비디오 중복 삭제 및 앨범 압축,oto & Video,마녀의 샘,롤플레잉,Splendor,보드,위젯 캘린더,festyle,아이언 마린 (Iron Marines),전략,언투다이2 (Earn to Die 2),자동차 경주,8-STEP 영어회화 - 패턴 영어 회화 능력을 향상시키세요.,ucation,,,,,,,,,,,,
127,"네이버 지도, 내비게이션",여행 및 지역정보,"PASS by U+(구, U+인증)",금융,롯데백화점,쇼핑,점과박자 (Dot n Beat)-손의 속도 테스트,음악,킹 오브 파이터 올스타,액션,"챌린저스 - 확실한 목표달성, 꾸준한 습관형성",생산성,FLO – 플로,음악/오디오,지니 뮤직 - genie,음악/오디오,유니콘 HTTPS 우회앱 -  안전하고 빠른 HTTPS/SNI 차단 우회앱,도구,U+ 고객센터,라이프스타일,메가박스(MEGABOX),엔터테인먼트,마피아42,전략,,,,,,,,,,,,
128,Toon Blast,퍼즐,PicsArt Photo Editor: 콜라주 메이커 & 사진 편집기,사진,Toon Blast,퍼즐,피버 바스켓,스포츠,별이되어라!,롤플레잉,좀비 스트라이커：데스 서바이벌 AFK RPG,롤플레잉,러브앤프로듀서,롤플레잉,데스티니 차일드,롤플레잉,새 천하를 열다,전략,킹스레이드,롤플레잉,ANOTHER EDEN 시공을 넘는 고양이,롤플레잉,Idle Heroes - 아이들 히어로즈,롤플레잉,,,,,,,,,,,,
129,Modern Essentials Korean,건강/운동,AVPlayer (무인코딩 속도조절 자막지원 플레이어),tertainment,Calculator,ucation,Rush Rally 3,자동차 경주,Rusty Lake Paradise KR,venture,Guitar Pro,음악/오디오,"PLOT - 플롯, 나의 이야기",oto & Video,Blink - 빠른 메모 블링크,oductivity,Moment - Pro Camera,oto & Video,마왕 (Demon King),롤플레잉,Shadow Of Death: Premium Games,le Playing,연락처++ (그룹관리/초성검색다이얼/백업/메일/메시지/정리),ilities,,,,,,,,,,,,
130,Airbnb (에어비앤비) - 색다른 숙소 특별한 여행,여행 및 지역정보,잼라이브 (JAM LIVE) - 라이브 예능&쇼핑,엔터테인먼트,Foodie 푸디 - 일상을 맛있게,사진,알바천국- 알바 구인구직 포털서비스,비즈니스,TheDayBefore (디데이 위젯),라이프스타일,"번개장터 - 모바일 최대 중고마켓 앱(중고나라,중고차)",쇼핑,딜카 - 찾아가는 카셰어링,비즈니스,알바천국- 알바 구인구직 포털서비스,비즈니스,밴드,소셜,차이 - 결제마다 할인받는 간편결제,금융,롯데홈쇼핑 – 롯데 ON,쇼핑,아가씨와 메이드 - 여성향 비주얼노벨,시뮬레이션,,,,,,,,,,,,
131,프렌즈팝,퍼즐,글로리,롤플레잉,행복의 저택,퍼즐,프렌즈팝콘,퍼즐,몬스터 길들이기,롤플레잉,드래곤 스카이 - 슈팅 방치형 RPG,롤플레잉,하쿠나 라이브 -  Live 방송,엔터테인먼트,신삼국지 모바일-코에이 테크모 인증,전략,Pokémon GO,어드벤처,캐리비안의 해적: 전쟁의 물결,전략,냥코 대전쟁,캐주얼 게임,세븐나이츠,롤플레잉,,,,,,,,,,,,
132,Word master 워드마스터 수능 2000(개정),교육,개념 한국사,교육,Reigns,카드,Quotes: 명언을 위젯과 워치에서,ucation,위플 가계부,nance,iReal Pro ? 음악 책 & 합주,sic,Doodle Jump,아케이드,NightCap Pro,oto & Video,던전 서바이벌,롤플레잉,"지피지기 (사주,운세,궁합,토정비결,이름,해몽)",라이프스타일,Splendor,보드,Rebel Inc. (반란 주식회사),시뮬레이션,,,,,,,,,,,,
133,Zenly 젠리 - 친한 친구끼리,소셜,MONEY TREE(머니트리)- With 제로페이,금융,마켓컬리-내일의 장보기,식음료,지그재그 - No.1 여성쇼핑몰 모음앱,쇼핑,T world,라이프스타일,"티빙(TVING) - 실시간TV, 방송VOD, 영화VOD",동영상 플레이어/편집기,브롤스타즈,액션,스타일쉐어 - 신상 옷과 화장품 후기가 한 자리에,쇼핑,한게임 섯다,카드,I Peel Good,시뮬레이션,신한 쏠(SOL) – 신한은행 스마트폰뱅킹,금융,카카오페이,금융,,,,,,,,,,,,
134,Guns of Glory: 왕을 위한 장대한 군대 구축,전략,나이츠크로니클,롤플레잉,PicsArt Photo Editor: 콜라주 메이커 & 사진 편집기,사진,Marvel 올스타 배틀,액션,라스트 쉘터 (Last Shelter: Survival),전략,앙톡 - 랜덤채팅 친구와 채팅하자,cial Networking,데스티니 차일드,롤플레잉,Age of Z,전략,킹스레이드,롤플레잉,위 베어 베어스 더 퍼즐,퍼즐,심쿵 소개팅 - 동네 이성친구 사귀기,소셜,프린세스 커넥트! Re:Dive,롤플레잉,,,,,,,,,,,,
135,To the Moon,롤플레잉,Alphaputt,orts,아카데미 스토리2,캐주얼 게임,"하루 계획표, 학교종이",festyle,"PLOT - 플롯, 나의 이야기",oto & Video,Bloons TD 6,전략,워터파크 스토리,시뮬레이션,Flashcards Deluxe,교육,Rusty Lake Hotel KR,venture,"PLOT - 플롯, 나의 이야기",oto & Video,Monument Valley,퍼즐,Florence,퍼즐,,,,,,,,,,,,
136,KB국민은행 스타뱅킹,금융,"L.POINT - 엘포인트 [ 포인트, 멤버십, 적립, 사용, 모바일 카드, 쿠폰, 롯데]",라이프스타일,"B612 - 뷰티 효과, 감성필터, 셀피 카메라",사진,CGV포토티켓,엔터테인먼트,VPN X,ilities,밴드,소셜,"트립닷컴 - 전 세계 항공권, 호텔, 기차표 & 액티비티 특가 예약, 블록버스터급 여행앱",여행 및 지역정보,카카오헤어샵 KakaoHairshop,뷰티,Save Puppy: Pixel Game,,헬로우봇 - AI 사주・타로・상담,소셜,무한의 계단,아케이드,T world,라이프스타일,,,,,,,,,,,,
137,대항해대전: 오션 앤 엠파이어,전략,신삼국지 모바일-코에이 테크모 인증,전략,레진코믹스 - 매일 무료 웹툰,만화,Pokémon GO,어드벤처,프렌즈마블,보드,V LIVE,엔터테인먼트,제5인격,어드벤처,Toon Blast,퍼즐,에픽세븐,롤플레잉,콜 오브 듀티: 모바일,액션,"Bigo Live (비고라이브) – 라이브방송, 영상채팅",소셜,골드스푼 : 자격을 갖춘 남녀를 위한 안전한 소개팅,소셜,,,,,,,,,,,,
138,Ski Safari,아케이드,마녀의 샘2,롤플레잉,Pou,캐주얼 게임,Flink: Calendar & Todos / 플링크 노트,oductivity,Human Anatomy Atlas 2017 Edition - Complete 3D Human Body,dical,Pou,캐주얼 게임,어썸노트 (일정관리/캘린더/할일/다이어리/음력),oductivity,Agent A - 숨겨진 퍼즐,퍼즐,Rusty Lake Paradise KR,venture,Wordmaster 워드마스터 수능 2000(18개정),ucation,Getting Over It with Bennett Foddy,시뮬레이션,"우리자기 - 커플 필수 앱 (커필 디데이, 사귄 날 수, 위젯, 워치 지원)",festyle,,,,,,,,,,,,
139,잼라이브 (JAM LIVE) - 라이브 예능&쇼핑,엔터테인먼트,"여기어때 - 호텔, 모텔, 펜션, 캠핑, 게하, 액티비티 최저가 예약!",여행 및 지역정보,황제라 칭하라,롤플레잉,Airbnb (에어비앤비) - 색다른 숙소 특별한 여행,여행 및 지역정보,Smule - 최고의 노래 어플,음악/오디오,서울자전거 따릉이 (Seoul Public Bike),지도/내비게이션,Face Seer -시간 여행기," (일 경과)
-

",TheDayBefore (디데이 위젯),라이프스타일,SoundCloud - 음악과 오디오,음악/오디오,[공식]고속버스 티머니,지도/내비게이션,"폴라리스 오피스 - 무료 한글, 오피스 문서 + PDF,  텍스트 뷰어",생산성,Two Dots,퍼즐,,,,,,,,,,,,
140,ANOTHER EDEN 시공을 넘는 고양이,롤플레잉,eFootball PES 2020,스포츠,심쿵 소개팅 - 동네 이성친구 사귀기,소셜,하스스톤,카드,maybe-메이비:내가 만드는 이야기,시뮬레이션,레전드 오브 블루문-Legend of Bluemoon,롤플레잉,캔디크러쉬사가,캐주얼 게임,프렌즈타운,퍼즐,블리치 Mobile 3D,롤플레잉,탈리온,롤플레잉,SERIES ON - 네이버 시리즈 ON,동영상 플레이어/편집기,클론다이크 어드벤처,시뮬레이션,,,,,,,,,,,,
141,Streaks,alth & Fitness,Flink: Calendar & Todos / 플링크 노트,oductivity,"SevenDays - 한 주의 계획에 집중, 오늘 계획을 위젯에서 보기",festyle,Cherry - 사진&영상 필터 카메라,oto & Video,Puffin Browser Pro,커뮤니케이션,회전초밥 스토리,캐주얼 게임,Rush Rally 2,자동차 경주,서울 2033 : 유시진,어드벤처,Instax - Instant Photo Maker,oto & Video,만화와 텍스트 - TXT 와 압축파일(+ PDF) 뷰어,oks,농구리그 스토리,스포츠,Muse Dash,음악,,,,,,,,,,,,
142,T world,라이프스타일,화해 - 6년 연속 1위 화장품 앱,뷰티,티켓링크,엔터테인먼트,네이버 웹툰 - Naver Webtoon,만화,[공식]시외버스 티머니,지도/내비게이션,"PAYCO - 페이코, 혜택까지 똑똑한 간편결제",라이프스타일,모바일 관세청,비즈니스,브롤스타즈,액션,트리플 - 해외여행 가이드,여행 및 지역정보,Zenly 젠리 - 친한 친구끼리,소셜,Airbnb (에어비앤비) - 색다른 숙소 특별한 여행,여행 및 지역정보,NAVER VIBE (바이브),음악/오디오,,,,,,,,,,,,
143,제5인격,어드벤처,레진코믹스 - 매일 무료 웹툰,만화,포트리스M,액션,YouTube Music,음악/오디오,Toon Blast,퍼즐,태고신왕,롤플레잉,라스트 쉘터 (Last Shelter: Survival),전략,삼국지:략,"전략
  (일 경과)",하스스톤,카드,클래시 로얄,전략,위닝일레븐 클럽 매니저,스포츠,스카이피플 (스피) : 서울대생이 만든 인증을 통한 안전한 소개팅 + 직장인 익명 커뮤니티,데이트,,,,,,,,,,,,
144,스왐피(Swampy) Where Is My Water?,퍼즐,Doodle Jump,아케이드,NBA 2K19,스포츠,"지피지기 (사주,운세,궁합,토정비결,이름,해몽)",라이프스타일,Wordmaster 워드마스터 수능 2000(18개정),ucation,"지피지기 (사주,운세,궁합,토정비결,이름,해몽)",라이프스타일,Kingdom Rush Frontiers,전략,Infinite Flight - 비행 시뮬레이터,시뮬레이션,NightCap Pro,oto & Video,Flashcards Deluxe,교육,Anatomy & Physiology,의료,Incredibox,음악,,,,,,,,,,,,
145,ANOTHER EDEN 시공을 넘는 고양이,롤플레잉,술게임 - 술자리오락실,"라이프스타일
  (일 경과)",FLO – 플로,음악/오디오,위메프 - 특가대표 (특가 / 쇼핑 / 쇼핑앱 / 쿠폰 / 배송),쇼핑,알바천국- 알바 구인구직 포털서비스,비즈니스,"직방 - 2,800만명이 선택한 No.1 부동산 앱(아파트,분양,원룸,오피스텔,빌라,상가)",부동산/홈 인테리어,아프리카TV - AfreecaTV,동영상 플레이어/편집기,"Grab - Transport, Food Delivery, Payments",지도/내비게이션,알바천국- 알바 구인구직 포털서비스,비즈니스,T map for SK,vigation,솔리테어 팜 빌리지 - 솔리테어 콜렉션,카드,카카오페이지 KakaoPage,도서/참고자료,,,,,,,,,,,,
146,기동전대:아이언사가,롤플레잉,Guns of Glory: 왕을 위한 장대한 군대 구축,전략,Guns of Glory: 왕을 위한 장대한 군대 구축,전략,MLB 퍼펙트 이닝 2019,스포츠,Yu-Gi-Oh! Duel Links,카드,"캠톡S - 화상채팅,영상채팅",커뮤니케이션,라그나로크M: 시즌2 빛과 그림자,롤플레잉,SERIES ON - 네이버 시리즈 ON,동영상 플레이어/편집기,라그나로크M: 시즌2 빛과 그림자,롤플레잉,궁정계,롤플레잉,제5인격,어드벤처,"스픽 (Speak): 영어회화, 스피킹, 발음",교육,,,,,,,,,,,,
147,비비캠 BB Cam - 뷰티 & 파스텔 카메라,oto & Video,Bloons TD 6,전략,Monument Valley 2,퍼즐,Avengers: Endgame Stickers,tertainment,Procreate Pocket,tertainment,SleepTown: 건강한 수면 습관 익히기,alth & Fitness,후엠아이: 도로시 이야기,시뮬레이션,Getting Over It with Bennett Foddy,시뮬레이션,Flashcards Deluxe,교육,보안카드 위젯 - 계좌이체를 빠르고 편리하게,nance,킹덤 러쉬 벤전스 (Kingdom Rush Vengeance),전략,던전 서바이벌,롤플레잉,,,,,,,,,,,,
148,"SBS - 온에어, VOD 7만편 무료",동영상 플레이어/편집기,Google,도구,T map for SK,vigation,왓챠플레이,엔터테인먼트,"\ufeff스카이스캐너 – 항공권,호텔,렌터카 최저가 비교 예약",여행 및 지역정보,"좋은 피자, 위대한 피자",캐주얼 게임,왓챠플레이,엔터테인먼트,유니콘 HTTPS 우회앱 -  안전하고 빠른 HTTPS/SNI 차단 우회앱,도구,"PAYCO - 페이코, 혜택까지 똑똑한 간편결제",라이프스타일,하이버 – 남자들의 쇼핑앱,쇼핑,차이 - 결제마다 할인받는 간편결제,금융,Rescue Cut - Rope Puzzle,,,,,,,,,,,,,
149,캔디크러쉬사가,캐주얼 게임,애니팡3,퍼즐,던만추〜메모리아프레제〜,롤플레잉,eFootball PES 2020,스포츠,프로야구 H2,스포츠,린: 더 라이트브링어,롤플레잉,건쉽배틀 토탈워페어,전략,골든나이츠 유니버스,롤플레잉,라인 플레이 – 전세계 No.1 패션 게임,소셜,피망 섯다,카드,라그나로크M: 시즌2 빛과 그림자,롤플레잉,위 베어 베어스 더 퍼즐,퍼즐,,,,,,,,,,,,
